Date,D0,Value
1988-01,1J,2.887
1988-01,2J,3.218
1988-01,3J,3.3930000000000002
1988-01,4J,3.554
1988-01,5J,3.695
1988-01,6J,3.81
1988-01,7J,3.904
1988-01,8J,3.98
1988-01,9J,4.041
1988-01,10J,4.092
1988-01,20J,4.3260000000000005
1988-01,30J,
1988-02,1J,2.638
1988-02,2J,2.99
1988-02,3J,3.2710000000000004
1988-02,4J,3.498
1988-02,5J,3.6719999999999997
1988-02,6J,3.804
1988-02,7J,3.905
1988-02,8J,3.984
1988-02,9J,4.047
1988-02,10J,4.098
1988-02,20J,4.332
1988-02,30J,
1988-03,1J,2.641
1988-03,2J,3.263
1988-03,3J,3.573
1988-03,4J,3.734
1988-03,5J,3.823
1988-03,6J,3.878
1988-03,7J,3.9160000000000004
1988-03,8J,3.946
1988-03,9J,3.972
1988-03,10J,3.998
1988-03,20J,4.255
1988-03,30J,
1988-04,1J,2.8
1988-04,2J,3.25
1988-04,3J,3.467
1988-04,4J,3.594
1988-04,5J,3.6839999999999997
1988-04,6J,3.7569999999999997
1988-04,7J,3.819
1988-04,8J,3.8739999999999997
1988-04,9J,3.923
1988-04,10J,3.965
1988-04,20J,4.2
1988-04,30J,
1988-05,1J,3.1910000000000003
1988-05,2J,3.602
1988-05,3J,3.802
1988-05,4J,3.909
1988-05,5J,3.9739999999999998
1988-05,6J,4.019
1988-05,7J,4.053999999999999
1988-05,8J,4.082
1988-05,9J,4.106
1988-05,10J,4.127
1988-05,20J,4.247
1988-05,30J,
1988-06,1J,3.642
1988-06,2J,3.707
1988-06,3J,3.764
1988-06,4J,3.83
1988-06,5J,3.897
1988-06,6J,3.96
1988-06,7J,4.0169999999999995
1988-06,8J,4.069
1988-06,9J,4.115
1988-06,10J,4.155
1988-06,20J,4.38
1988-06,30J,
1988-07,1J,4.1610000000000005
1988-07,2J,4.195
1988-07,3J,4.206
1988-07,4J,4.212
1988-07,5J,4.215
1988-07,6J,4.218
1988-07,7J,4.218999999999999
1988-07,8J,4.221
1988-07,9J,4.2219999999999995
1988-07,10J,4.2219999999999995
1988-07,20J,4.226
1988-07,30J,
1988-08,1J,4.044
1988-08,2J,3.9589999999999996
1988-08,3J,3.943
1988-08,4J,3.9810000000000003
1988-08,5J,4.037
1988-08,6J,4.096
1988-08,7J,4.1530000000000005
1988-08,8J,4.204
1988-08,9J,4.251
1988-08,10J,4.292
1988-08,20J,4.498
1988-08,30J,
1988-09,1J,3.8139999999999996
1988-09,2J,3.798
1988-09,3J,3.8710000000000004
1988-09,4J,3.9619999999999997
1988-09,5J,4.041
1988-09,6J,4.105
1988-09,7J,4.156000000000001
1988-09,8J,4.197
1988-09,9J,4.23
1988-09,10J,4.257
1988-09,20J,4.381
1988-09,30J,
1988-10,1J,4.1080000000000005
1988-10,2J,4.157
1988-10,3J,4.0889999999999995
1988-10,4J,4.025
1988-10,5J,3.986
1988-10,6J,3.967
1988-10,7J,3.965
1988-10,8J,3.9739999999999998
1988-10,9J,3.991
1988-10,10J,4.013999999999999
1988-10,20J,4.406000000000001
1988-10,30J,
1988-11,1J,4.506
1988-11,2J,4.29
1988-11,3J,4.144
1988-11,4J,4.053999999999999
1988-11,5J,4.003
1988-11,6J,3.9810000000000003
1988-11,7J,3.9789999999999996
1988-11,8J,3.991
1988-11,9J,4.013
1988-11,10J,4.042
1988-11,20J,4.387
1988-11,30J,
1988-12,1J,4.691
1988-12,2J,4.425
1988-12,3J,4.24
1988-12,4J,4.131
1988-12,5J,4.074
1988-12,6J,4.05
1988-12,7J,4.048
1988-12,8J,4.06
1988-12,9J,4.081
1988-12,10J,4.107
1988-12,20J,4.374
1988-12,30J,
1989-01,1J,5.651
1989-01,2J,5.14
1989-01,3J,4.862
1989-01,4J,4.727
1989-01,5J,4.6530000000000005
1989-01,6J,4.606
1989-01,7J,4.574
1989-01,8J,4.55
1989-01,9J,4.531000000000001
1989-01,10J,4.5169999999999995
1989-01,20J,4.45
1989-01,30J,
1989-02,1J,6.079
1989-02,2J,5.522
1989-02,3J,5.202000000000001
1989-02,4J,5.03
1989-02,5J,4.926
1989-02,6J,4.857
1989-02,7J,4.808
1989-02,8J,4.771
1989-02,9J,4.742
1989-02,10J,4.718999999999999
1989-02,20J,4.615
1989-02,30J,
1989-03,1J,5.992999999999999
1989-03,2J,5.473
1989-03,3J,5.178999999999999
1989-03,4J,5.035
1989-03,5J,4.954
1989-03,6J,4.901
1989-03,7J,4.864
1989-03,8J,4.836
1989-03,9J,4.815
1989-03,10J,4.798
1989-03,20J,4.72
1989-03,30J,
1989-04,1J,6.443
1989-04,2J,5.845
1989-04,3J,5.439
1989-04,4J,5.231
1989-04,5J,5.132000000000001
1989-04,6J,5.086
1989-04,7J,5.066
1989-04,8J,5.058
1989-04,9J,5.055
1989-04,10J,5.053999999999999
1989-04,20J,5.061
1989-04,30J,
1989-05,1J,7.446000000000001
1989-05,2J,6.476
1989-05,3J,5.926
1989-05,4J,5.638999999999999
1989-05,5J,5.483
1989-05,6J,5.392
1989-05,7J,5.334
1989-05,8J,5.294
1989-05,9J,5.265
1989-05,10J,5.242000000000001
1989-05,20J,5.143
1989-05,30J,
1989-06,1J,6.922000000000001
1989-06,2J,6.019
1989-06,3J,5.455
1989-06,4J,5.178
1989-06,5J,5.066
1989-06,6J,5.035
1989-06,7J,5.041
1989-06,8J,5.06
1989-06,9J,5.083
1989-06,10J,5.105
1989-06,20J,5.229
1989-06,30J,
1989-07,1J,6.397
1989-07,2J,5.617999999999999
1989-07,3J,5.273
1989-07,4J,5.153
1989-07,5J,5.122999999999999
1989-07,6J,5.125
1989-07,7J,5.136
1989-07,8J,5.15
1989-07,9J,5.162000000000001
1989-07,10J,5.172999999999999
1989-07,20J,5.226
1989-07,30J,
1989-08,1J,7.07
1989-08,2J,6.145
1989-08,3J,5.567
1989-08,4J,5.297000000000001
1989-08,5J,5.19
1989-08,6J,5.159
1989-08,7J,5.1579999999999995
1989-08,8J,5.167999999999999
1989-08,9J,5.182
1989-08,10J,5.195
1989-08,20J,5.265
1989-08,30J,
1989-09,1J,7.606
1989-09,2J,6.648
1989-09,3J,5.979
1989-09,4J,5.625
1989-09,5J,5.4510000000000005
1989-09,6J,5.37
1989-09,7J,5.332000000000001
1989-09,8J,5.317
1989-09,9J,5.312
1989-09,10J,5.311
1989-09,20J,5.331
1989-09,30J,
1989-10,1J,7.534
1989-10,2J,6.571000000000001
1989-10,3J,6.029
1989-10,4J,5.742999999999999
1989-10,5J,5.581
1989-10,6J,5.482
1989-10,7J,5.417000000000001
1989-10,8J,5.371
1989-10,9J,5.337000000000001
1989-10,10J,5.31
1989-10,20J,5.195
1989-10,30J,
1989-11,1J,7.456
1989-11,2J,6.45
1989-11,3J,5.92
1989-11,4J,5.689
1989-11,5J,5.582000000000001
1989-11,6J,5.526
1989-11,7J,5.4910000000000005
1989-11,8J,5.468
1989-11,9J,5.45
1989-11,10J,5.437
1989-11,20J,5.376
1989-11,30J,
1989-12,1J,8.068999999999999
1989-12,2J,6.736000000000001
1989-12,3J,6.127999999999999
1989-12,4J,5.875
1989-12,5J,5.763999999999999
1989-12,6J,5.707000000000001
1989-12,7J,5.672999999999999
1989-12,8J,5.649
1989-12,9J,5.632000000000001
1989-12,10J,5.617999999999999
1989-12,20J,5.556
1989-12,30J,
1990-01,1J,9.093
1990-01,2J,7.649
1990-01,3J,6.841
1990-01,4J,6.456
1990-01,5J,6.269
1990-01,6J,6.172000000000001
1990-01,7J,6.117000000000001
1990-01,8J,6.082000000000001
1990-01,9J,6.058
1990-01,10J,6.04
1990-01,20J,5.9670000000000005
1990-01,30J,
1990-02,1J,8.788
1990-02,2J,7.785
1990-02,3J,7.236000000000001
1990-02,4J,6.917999999999999
1990-02,5J,6.7139999999999995
1990-02,6J,6.575
1990-02,7J,6.474
1990-02,8J,6.398
1990-02,9J,6.3389999999999995
1990-02,10J,6.292000000000001
1990-02,20J,6.079
1990-02,30J,
1990-03,1J,8.683
1990-03,2J,7.734
1990-03,3J,7.162999999999999
1990-03,4J,6.871
1990-03,5J,6.7170000000000005
1990-03,6J,6.627000000000001
1990-03,7J,6.57
1990-03,8J,6.529
1990-03,9J,6.499
1990-03,10J,6.475
1990-03,20J,6.37
1990-03,30J,
1990-04,1J,8.971
1990-04,2J,7.831
1990-04,3J,7.182
1990-04,4J,6.881
1990-04,5J,6.745
1990-04,6J,6.683
1990-04,7J,6.655
1990-04,8J,6.641
1990-04,9J,6.632999999999999
1990-04,10J,6.629
1990-04,20J,6.619
1990-04,30J,
1990-05,1J,8.014
1990-05,2J,6.922999999999999
1990-05,3J,6.531000000000001
1990-05,4J,6.402
1990-05,5J,6.355
1990-05,6J,6.332999999999999
1990-05,7J,6.321000000000001
1990-05,8J,6.312
1990-05,9J,6.305
1990-05,10J,6.3
1990-05,20J,6.277
1990-05,30J,
1990-06,1J,8.123
1990-06,2J,6.9879999999999995
1990-06,3J,6.507999999999999
1990-06,4J,6.3229999999999995
1990-06,5J,6.246
1990-06,6J,6.207999999999999
1990-06,7J,6.184
1990-06,8J,6.167999999999999
1990-06,9J,6.156000000000001
1990-06,10J,6.147
1990-06,20J,6.105
1990-06,30J,
1990-07,1J,8.263
1990-07,2J,6.931
1990-07,3J,6.347
1990-07,4J,6.143
1990-07,5J,6.08
1990-07,6J,6.065
1990-07,7J,6.065
1990-07,8J,6.069
1990-07,9J,6.074
1990-07,10J,6.077999999999999
1990-07,20J,6.1
1990-07,30J,
1990-08,1J,8.321
1990-08,2J,7.38
1990-08,3J,6.885
1990-08,4J,6.665
1990-08,5J,6.566
1990-08,6J,6.52
1990-08,7J,6.5
1990-08,8J,6.49
1990-08,9J,6.486000000000001
1990-08,10J,6.484
1990-08,20J,6.484
1990-08,30J,
1990-09,1J,7.952000000000001
1990-09,2J,7.071000000000001
1990-09,3J,6.7170000000000005
1990-09,4J,6.598
1990-09,5J,6.555
1990-09,6J,6.5360000000000005
1990-09,7J,6.525
1990-09,8J,6.518
1990-09,9J,6.513
1990-09,10J,6.5089999999999995
1990-09,20J,6.4910000000000005
1990-09,30J,
1990-10,1J,7.796
1990-10,2J,6.983
1990-10,3J,6.695
1990-10,4J,6.595
1990-10,5J,6.553
1990-10,6J,6.531000000000001
1990-10,7J,6.516
1990-10,8J,6.506
1990-10,9J,6.497999999999999
1990-10,10J,6.4910000000000005
1990-10,20J,6.462999999999999
1990-10,30J,
1990-11,1J,8.36
1990-11,2J,7.3629999999999995
1990-11,3J,6.922999999999999
1990-11,4J,6.752999999999999
1990-11,5J,6.6770000000000005
1990-11,6J,6.635
1990-11,7J,6.609
1990-11,8J,6.5889999999999995
1990-11,9J,6.574
1990-11,10J,6.563
1990-11,20J,6.51
1990-11,30J,
1990-12,1J,8.152000000000001
1990-12,2J,7.358
1990-12,3J,6.9270000000000005
1990-12,4J,6.728
1990-12,5J,6.643
1990-12,6J,6.609
1990-12,7J,6.598
1990-12,8J,6.596
1990-12,9J,6.598
1990-12,10J,6.601
1990-12,20J,6.622999999999999
1990-12,30J,
1991-01,1J,7.755
1991-01,2J,6.952000000000001
1991-01,3J,6.574
1991-01,4J,6.44
1991-01,5J,6.402
1991-01,6J,6.395
1991-01,7J,6.399
1991-01,8J,6.404
1991-01,9J,6.41
1991-01,10J,6.415
1991-01,20J,6.438
1991-01,30J,
1991-02,1J,7.66
1991-02,2J,6.925
1991-02,3J,6.534
1991-02,4J,6.352
1991-02,5J,6.271
1991-02,6J,6.236000000000001
1991-02,7J,6.223
1991-02,8J,6.218999999999999
1991-02,9J,6.218999999999999
1991-02,10J,6.221
1991-02,20J,6.237
1991-02,30J,
1991-03,1J,7.629
1991-03,2J,6.702000000000001
1991-03,3J,6.355
1991-03,4J,6.231
1991-03,5J,6.185
1991-03,6J,6.167000000000001
1991-03,7J,6.16
1991-03,8J,6.157
1991-03,9J,6.156000000000001
1991-03,10J,6.155
1991-03,20J,6.152
1991-03,30J,
1991-04,1J,7.81
1991-04,2J,6.851
1991-04,3J,6.4239999999999995
1991-04,4J,6.237
1991-04,5J,6.146
1991-04,6J,6.096
1991-04,7J,6.065
1991-04,8J,6.044
1991-04,9J,6.028
1991-04,10J,6.016
1991-04,20J,5.961
1991-04,30J,
1991-05,1J,7.544
1991-05,2J,6.61
1991-05,3J,6.129
1991-05,4J,5.925
1991-05,5J,5.843999999999999
1991-05,6J,5.814
1991-05,7J,5.806
1991-05,8J,5.806
1991-05,9J,5.809
1991-05,10J,5.813
1991-05,20J,5.837999999999999
1991-05,30J,
1991-06,1J,7.644
1991-06,2J,6.752999999999999
1991-06,3J,6.25
1991-06,4J,6.039
1991-06,5J,5.9639999999999995
1991-06,6J,5.945
1991-06,7J,5.946000000000001
1991-06,8J,5.954
1991-06,9J,5.962999999999999
1991-06,10J,5.971
1991-06,20J,6.015
1991-06,30J,
1991-07,1J,7.4510000000000005
1991-07,2J,6.695
1991-07,3J,6.36
1991-07,4J,6.204
1991-07,5J,6.122999999999999
1991-07,6J,6.0760000000000005
1991-07,7J,6.045
1991-07,8J,6.024
1991-07,9J,6.007999999999999
1991-07,10J,5.996
1991-07,20J,5.941
1991-07,30J,
1991-08,1J,7.501
1991-08,2J,6.775
1991-08,3J,6.462999999999999
1991-08,4J,6.324
1991-08,5J,6.247999999999999
1991-08,6J,6.2
1991-08,7J,6.167000000000001
1991-08,8J,6.142
1991-08,9J,6.122000000000001
1991-08,10J,6.107
1991-08,20J,6.0360000000000005
1991-08,30J,
1991-09,1J,7.39
1991-09,2J,6.6610000000000005
1991-09,3J,6.445
1991-09,4J,6.353
1991-09,5J,6.301
1991-09,6J,6.266
1991-09,7J,6.242000000000001
1991-09,8J,6.223
1991-09,9J,6.209
1991-09,10J,6.1979999999999995
1991-09,20J,6.146
1991-09,30J,
1991-10,1J,7.8389999999999995
1991-10,2J,7.26
1991-10,3J,7.047999999999999
1991-10,4J,6.944
1991-10,5J,6.88
1991-10,6J,6.834
1991-10,7J,6.795
1991-10,8J,6.761
1991-10,9J,6.729
1991-10,10J,6.6979999999999995
1991-10,20J,6.3839999999999995
1991-10,30J,
1991-11,1J,7.636
1991-11,2J,7.056
1991-11,3J,6.809
1991-11,4J,6.7010000000000005
1991-11,5J,6.653
1991-11,6J,6.6339999999999995
1991-11,7J,6.629
1991-11,8J,6.629
1991-11,9J,6.632999999999999
1991-11,10J,6.6370000000000005
1991-11,20J,6.67
1991-11,30J,
1991-12,1J,7.415
1991-12,2J,6.577999999999999
1991-12,3J,6.379
1991-12,4J,6.349
1991-12,5J,6.35
1991-12,6J,6.356
1991-12,7J,6.361000000000001
1991-12,8J,6.365
1991-12,9J,6.367999999999999
1991-12,10J,6.37
1991-12,20J,6.382000000000001
1991-12,30J,
1992-01,1J,7.22
1992-01,2J,6.627000000000001
1992-01,3J,6.303999999999999
1992-01,4J,6.178999999999999
1992-01,5J,6.143
1992-01,6J,6.14
1992-01,7J,6.147
1992-01,8J,6.157
1992-01,9J,6.167000000000001
1992-01,10J,6.175
1992-01,20J,6.2139999999999995
1992-01,30J,
1992-02,1J,7.242000000000001
1992-02,2J,6.697
1992-02,3J,6.419
1992-02,4J,6.287999999999999
1992-02,5J,6.222
1992-02,6J,6.186
1992-02,7J,6.164
1992-02,8J,6.15
1992-02,9J,6.14
1992-02,10J,6.132000000000001
1992-02,20J,6.099
1992-02,30J,
1992-03,1J,7.917000000000001
1992-03,2J,6.938
1992-03,3J,6.608
1992-03,4J,6.5360000000000005
1992-03,5J,6.546
1992-03,6J,6.5760000000000005
1992-03,7J,6.608
1992-03,8J,6.635
1992-03,9J,6.6579999999999995
1992-03,10J,6.676
1992-03,20J,6.7620000000000005
1992-03,30J,
1992-04,1J,8.104
1992-04,2J,7.228
1992-04,3J,6.854
1992-04,4J,6.705
1992-04,5J,6.638999999999999
1992-04,6J,6.604
1992-04,7J,6.581
1992-04,8J,6.566
1992-04,9J,6.553999999999999
1992-04,10J,6.545
1992-04,20J,6.502999999999999
1992-04,30J,
1992-05,1J,8.494
1992-05,2J,7.522
1992-05,3J,7.071000000000001
1992-05,4J,6.89
1992-05,5J,6.827999999999999
1992-05,6J,6.815
1992-05,7J,6.821000000000001
1992-05,8J,6.834
1992-05,9J,6.848
1992-05,10J,6.861000000000001
1992-05,20J,6.93
1992-05,30J,
1992-06,1J,8.513
1992-06,2J,7.622000000000001
1992-06,3J,7.27
1992-06,4J,7.122000000000001
1992-06,5J,7.047999999999999
1992-06,6J,7.004
1992-06,7J,6.975
1992-06,8J,6.952999999999999
1992-06,9J,6.937
1992-06,10J,6.9239999999999995
1992-06,20J,6.865
1992-06,30J,
1992-07,1J,8.322000000000001
1992-07,2J,7.65
1992-07,3J,7.31
1992-07,4J,7.143
1992-07,5J,7.047999999999999
1992-07,6J,6.987
1992-07,7J,6.944
1992-07,8J,6.912000000000001
1992-07,9J,6.8870000000000005
1992-07,10J,6.867000000000001
1992-07,20J,6.778
1992-07,30J,
1992-08,1J,7.7
1992-08,2J,7.292000000000001
1992-08,3J,7.061
1992-08,4J,6.959
1992-08,5J,6.912999999999999
1992-08,6J,6.888999999999999
1992-08,7J,6.875
1992-08,8J,6.8660000000000005
1992-08,9J,6.859
1992-08,10J,6.854
1992-08,20J,6.83
1992-08,30J,
1992-09,1J,6.959
1992-09,2J,6.779
1992-09,3J,6.606
1992-09,4J,6.478
1992-09,5J,6.393
1992-09,6J,6.341
1992-09,7J,6.312
1992-09,8J,6.297999999999999
1992-09,9J,6.292000000000001
1992-09,10J,6.292000000000001
1992-09,20J,6.33
1992-09,30J,
1992-10,1J,5.95
1992-10,2J,5.821000000000001
1992-10,3J,5.791
1992-10,4J,5.816
1992-10,5J,5.865
1992-10,6J,5.922999999999999
1992-10,7J,5.979
1992-10,8J,6.028
1992-10,9J,6.065
1992-10,10J,6.0920000000000005
1992-10,20J,5.851
1992-10,30J,
1992-11,1J,6.064
1992-11,2J,5.8870000000000005
1992-11,3J,5.845
1992-11,4J,5.867000000000001
1992-11,5J,5.912999999999999
1992-11,6J,5.962999999999999
1992-11,7J,6.006
1992-11,8J,6.037999999999999
1992-11,9J,6.056
1992-11,10J,6.063
1992-11,20J,5.7620000000000005
1992-11,30J,
1992-12,1J,5.797000000000001
1992-12,2J,5.529
1992-12,3J,5.433
1992-12,4J,5.428
1992-12,5J,5.466
1992-12,6J,5.519
1992-12,7J,5.5729999999999995
1992-12,8J,5.619
1992-12,9J,5.655
1992-12,10J,5.68
1992-12,20J,5.526
1992-12,30J,
1993-01,1J,5.138999999999999
1993-01,2J,5.114
1993-01,3J,5.14
1993-01,4J,5.195
1993-01,5J,5.263
1993-01,6J,5.332999999999999
1993-01,7J,5.399
1993-01,8J,5.456
1993-01,9J,5.502999999999999
1993-01,10J,5.539
1993-01,20J,5.36
1993-01,30J,
1993-02,1J,4.894
1993-02,2J,4.785
1993-02,3J,4.8260000000000005
1993-02,4J,4.872
1993-02,5J,4.899
1993-02,6J,4.9110000000000005
1993-02,7J,4.914
1993-02,8J,4.913
1993-02,9J,4.91
1993-02,10J,4.907
1993-02,20J,4.888
1993-02,30J,
1993-03,1J,4.5089999999999995
1993-03,2J,4.444
1993-03,3J,4.475
1993-03,4J,4.522
1993-03,5J,4.566
1993-03,6J,4.602
1993-03,7J,4.631
1993-03,8J,4.654
1993-03,9J,4.673
1993-03,10J,4.688
1993-03,20J,4.756
1993-03,30J,
1993-04,1J,4.47
1993-04,2J,4.2669999999999995
1993-04,3J,4.346
1993-04,4J,4.473
1993-04,5J,4.582
1993-04,6J,4.666
1993-04,7J,4.729
1993-04,8J,4.777
1993-04,9J,4.815
1993-04,10J,4.845
1993-04,20J,4.981
1993-04,30J,
1993-05,1J,4.626
1993-05,2J,4.257
1993-05,3J,4.239
1993-05,4J,4.348
1993-05,5J,4.474
1993-05,6J,4.584
1993-05,7J,4.673
1993-05,8J,4.743
1993-05,9J,4.8
1993-05,10J,4.846
1993-05,20J,5.053999999999999
1993-05,30J,
1993-06,1J,4.54
1993-06,2J,4.364
1993-06,3J,4.352
1993-06,4J,4.388999999999999
1993-06,5J,4.4319999999999995
1993-06,6J,4.471
1993-06,7J,4.503
1993-06,8J,4.529
1993-06,9J,4.5489999999999995
1993-06,10J,4.566
1993-06,20J,4.643
1993-06,30J,
1993-07,1J,4.317
1993-07,2J,4.2589999999999995
1993-07,3J,4.308
1993-07,4J,4.376
1993-07,5J,4.434
1993-07,6J,4.479
1993-07,7J,4.51
1993-07,8J,4.53
1993-07,9J,4.542
1993-07,10J,4.546
1993-07,20J,4.39
1993-07,30J,
1993-08,1J,4.336
1993-08,2J,4.225
1993-08,3J,4.268
1993-08,4J,4.335
1993-08,5J,4.3919999999999995
1993-08,6J,4.4319999999999995
1993-08,7J,4.457
1993-08,8J,4.471
1993-08,9J,4.478
1993-08,10J,4.479
1993-08,20J,4.418
1993-08,30J,
1993-09,1J,4.213
1993-09,2J,4.111000000000001
1993-09,3J,4.132
1993-09,4J,4.195
1993-09,5J,4.263999999999999
1993-09,6J,4.325
1993-09,7J,4.374
1993-09,8J,4.4110000000000005
1993-09,9J,4.438
1993-09,10J,4.455
1993-09,20J,4.379
1993-09,30J,
1993-10,1J,3.9989999999999997
1993-10,2J,3.888
1993-10,3J,3.926
1993-10,4J,3.9930000000000003
1993-10,5J,4.056
1993-10,6J,4.105
1993-10,7J,4.1419999999999995
1993-10,8J,4.17
1993-10,9J,4.192
1993-10,10J,4.208
1993-10,20J,4.268
1993-10,30J,
1993-11,1J,3.867
1993-11,2J,3.767
1993-11,3J,3.8310000000000004
1993-11,4J,3.927
1993-11,5J,4.015
1993-11,6J,4.087
1993-11,7J,4.143
1993-11,8J,4.186
1993-11,9J,4.22
1993-11,10J,4.247
1993-11,20J,4.368
1993-11,30J,
1993-12,1J,3.552
1993-12,2J,3.457
1993-12,3J,3.534
1993-12,4J,3.658
1993-12,5J,3.781
1993-12,6J,3.886
1993-12,7J,3.971
1993-12,8J,4.039
1993-12,9J,4.093
1993-12,10J,4.136
1993-12,20J,4.321000000000001
1993-12,30J,
1994-01,1J,3.653
1994-01,2J,3.543
1994-01,3J,3.613
1994-01,4J,3.733
1994-01,5J,3.8539999999999996
1994-01,6J,3.957
1994-01,7J,4.042
1994-01,8J,4.109
1994-01,9J,4.163
1994-01,10J,4.206
1994-01,20J,4.391
1994-01,30J,
1994-02,1J,3.806
1994-02,2J,3.6860000000000004
1994-02,3J,3.807
1994-02,4J,3.969
1994-02,5J,4.109
1994-02,6J,4.22
1994-02,7J,4.305
1994-02,8J,4.371
1994-02,9J,4.423
1994-02,10J,4.465
1994-02,20J,4.654
1994-02,30J,
1994-03,1J,3.9410000000000003
1994-03,2J,3.948
1994-03,3J,4.035
1994-03,4J,4.146
1994-03,5J,4.258
1994-03,6J,4.3580000000000005
1994-03,7J,4.445
1994-03,8J,4.519
1994-03,9J,4.582
1994-03,10J,4.6339999999999995
1994-03,20J,4.888999999999999
1994-03,30J,
1994-04,1J,4.033
1994-04,2J,4.1930000000000005
1994-04,3J,4.3469999999999995
1994-04,4J,4.49
1994-04,5J,4.621
1994-04,6J,4.737
1994-04,7J,4.8389999999999995
1994-04,8J,4.926
1994-04,9J,5.001
1994-04,10J,5.062
1994-04,20J,5.202999999999999
1994-04,30J,
1994-05,1J,4.045
1994-05,2J,3.978
1994-05,3J,4.131
1994-05,4J,4.334
1994-05,5J,4.523
1994-05,6J,4.681
1994-05,7J,4.8069999999999995
1994-05,8J,4.907
1994-05,9J,4.984
1994-05,10J,5.046
1994-05,20J,5.307
1994-05,30J,
1994-06,1J,4.367
1994-06,2J,4.343
1994-06,3J,4.513
1994-06,4J,4.721
1994-06,5J,4.897
1994-06,6J,5.034
1994-06,7J,5.138999999999999
1994-06,8J,5.218999999999999
1994-06,9J,5.2829999999999995
1994-06,10J,5.334
1994-06,20J,5.565
1994-06,30J,
1994-07,1J,4.452
1994-07,2J,4.449
1994-07,3J,4.552
1994-07,4J,4.7010000000000005
1994-07,5J,4.846
1994-07,6J,4.97
1994-07,7J,5.071000000000001
1994-07,8J,5.153
1994-07,9J,5.218999999999999
1994-07,10J,5.273
1994-07,20J,5.523
1994-07,30J,
1994-08,1J,4.605
1994-08,2J,4.776
1994-08,3J,4.919
1994-08,4J,5.0489999999999995
1994-08,5J,5.16
1994-08,6J,5.252999999999999
1994-08,7J,5.33
1994-08,8J,5.394
1994-08,9J,5.447
1994-08,10J,5.492000000000001
1994-08,20J,5.712999999999999
1994-08,30J,
1994-09,1J,4.535
1994-09,2J,4.843
1994-09,3J,5.04
1994-09,4J,5.188
1994-09,5J,5.306
1994-09,6J,5.402
1994-09,7J,5.48
1994-09,8J,5.542999999999999
1994-09,9J,5.593999999999999
1994-09,10J,5.636
1994-09,20J,5.821000000000001
1994-09,30J,
1994-10,1J,4.336
1994-10,2J,4.761
1994-10,3J,5.021
1994-10,4J,5.188
1994-10,5J,5.3020000000000005
1994-10,6J,5.385
1994-10,7J,5.45
1994-10,8J,5.504
1994-10,9J,5.551
1994-10,10J,5.593999999999999
1994-10,20J,5.869
1994-10,30J,
1994-11,1J,4.4239999999999995
1994-11,2J,4.723
1994-11,3J,4.915
1994-11,4J,5.051
1994-11,5J,5.148
1994-11,6J,5.218
1994-11,7J,5.271
1994-11,8J,5.311
1994-11,9J,5.343
1994-11,10J,5.367999999999999
1994-11,20J,5.483
1994-11,30J,
1994-12,1J,4.586
1994-12,2J,4.718
1994-12,3J,4.842
1994-12,4J,4.957
1994-12,5J,5.051
1994-12,6J,5.126
1994-12,7J,5.186
1994-12,8J,5.234
1994-12,9J,5.272
1994-12,10J,5.303999999999999
1994-12,20J,5.45
1994-12,30J,
1995-01,1J,4.423
1995-01,2J,4.64
1995-01,3J,4.7989999999999995
1995-01,4J,4.9319999999999995
1995-01,5J,5.04
1995-01,6J,5.125
1995-01,7J,5.192
1995-01,8J,5.245
1995-01,9J,5.287000000000001
1995-01,10J,5.322
1995-01,20J,5.483
1995-01,30J,
1995-02,1J,4.2589999999999995
1995-02,2J,4.595
1995-02,3J,4.791
1995-02,4J,4.93
1995-02,5J,5.0360000000000005
1995-02,6J,5.12
1995-02,7J,5.188
1995-02,8J,5.242999999999999
1995-02,9J,5.287999999999999
1995-02,10J,5.325
1995-02,20J,5.499
1995-02,30J,
1995-03,1J,3.812
1995-03,2J,4.2
1995-03,3J,4.467
1995-03,4J,4.662
1995-03,5J,4.808
1995-03,6J,4.92
1995-03,7J,5.007
1995-03,8J,5.077
1995-03,9J,5.132999999999999
1995-03,10J,5.178999999999999
1995-03,20J,5.393
1995-03,30J,
1995-04,1J,3.6439999999999997
1995-04,2J,3.955
1995-04,3J,4.206
1995-04,4J,4.41
1995-04,5J,4.574
1995-04,6J,4.707
1995-04,7J,4.815
1995-04,8J,4.902
1995-04,9J,4.974
1995-04,10J,5.033
1995-04,20J,5.314
1995-04,30J,
1995-05,1J,3.48
1995-05,2J,3.815
1995-05,3J,4.069
1995-05,4J,4.268
1995-05,5J,4.426
1995-05,6J,4.553999999999999
1995-05,7J,4.658
1995-05,8J,4.743
1995-05,9J,4.814
1995-05,10J,4.873
1995-05,20J,5.162000000000001
1995-05,30J,
1995-06,1J,3.322
1995-06,2J,3.682
1995-06,3J,3.969
1995-06,4J,4.2010000000000005
1995-06,5J,4.39
1995-06,6J,4.545
1995-06,7J,4.671
1995-06,8J,4.776
1995-06,9J,4.863
1995-06,10J,4.936
1995-06,20J,5.289
1995-06,30J,
1995-07,1J,3.034
1995-07,2J,3.46
1995-07,3J,3.799
1995-07,4J,4.069
1995-07,5J,4.284
1995-07,6J,4.455
1995-07,7J,4.592
1995-07,8J,4.7010000000000005
1995-07,9J,4.788
1995-07,10J,4.859
1995-07,20J,5.127000000000001
1995-07,30J,
1995-08,1J,3.065
1995-08,2J,3.4610000000000003
1995-08,3J,3.748
1995-08,4J,3.9760000000000004
1995-08,5J,4.164
1995-08,6J,4.319
1995-08,7J,4.449
1995-08,8J,4.558
1995-08,9J,4.651
1995-08,10J,4.73
1995-08,20J,5.135
1995-08,30J,
1995-09,1J,2.58
1995-09,2J,2.945
1995-09,3J,3.248
1995-09,4J,3.52
1995-09,5J,3.761
1995-09,6J,3.971
1995-09,7J,4.1530000000000005
1995-09,8J,4.308
1995-09,9J,4.441
1995-09,10J,4.555
1995-09,20J,5.129
1995-09,30J,
1995-10,1J,2.187
1995-10,2J,2.758
1995-10,3J,3.117
1995-10,4J,3.392
1995-10,5J,3.623
1995-10,6J,3.821
1995-10,7J,3.992
1995-10,8J,4.14
1995-10,9J,4.268
1995-10,10J,4.38
1995-10,20J,4.967
1995-10,30J,
1995-11,1J,1.896
1995-11,2J,2.259
1995-11,3J,2.68
1995-11,4J,3.043
1995-11,5J,3.3310000000000004
1995-11,6J,3.554
1995-11,7J,3.727
1995-11,8J,3.862
1995-11,9J,3.97
1995-11,10J,4.0569999999999995
1995-11,20J,4.455
1995-11,30J,
1995-12,1J,1.7830000000000001
1995-12,2J,2.278
1995-12,3J,2.75
1995-12,4J,3.123
1995-12,5J,3.405
1995-12,6J,3.6189999999999998
1995-12,7J,3.782
1995-12,8J,3.909
1995-12,9J,4.01
1995-12,10J,4.09
1995-12,20J,4.43
1995-12,30J,
1996-01,1J,1.798
1996-01,2J,2.242
1996-01,3J,2.69
1996-01,4J,3.092
1996-01,5J,3.4330000000000003
1996-01,6J,3.717
1996-01,7J,3.951
1996-01,8J,4.144
1996-01,9J,4.303999999999999
1996-01,10J,4.437
1996-01,20J,5.078
1996-01,30J,
1996-02,1J,1.883
1996-02,2J,2.378
1996-02,3J,2.779
1996-02,4J,3.114
1996-02,5J,3.3989999999999996
1996-02,6J,3.645
1996-02,7J,3.859
1996-02,8J,4.047
1996-02,9J,4.212
1996-02,10J,4.3580000000000005
1996-02,20J,5.184
1996-02,30J,
1996-03,1J,1.829
1996-03,2J,2.2230000000000003
1996-03,3J,2.633
1996-03,4J,3.011
1996-03,5J,3.344
1996-03,6J,3.6310000000000002
1996-03,7J,3.875
1996-03,8J,4.082
1996-03,9J,4.257
1996-03,10J,4.406000000000001
1996-03,20J,5.144
1996-03,30J,
1996-04,1J,1.867
1996-04,2J,2.17
1996-04,3J,2.5340000000000003
1996-04,4J,2.8960000000000004
1996-04,5J,3.228
1996-04,6J,3.52
1996-04,7J,3.773
1996-04,8J,3.989
1996-04,9J,4.172
1996-04,10J,4.329
1996-04,20J,5.109
1996-04,30J,
1996-05,1J,2.6489999999999996
1996-05,2J,2.91
1996-05,3J,3.21
1996-05,4J,3.4989999999999997
1996-05,5J,3.762
1996-05,6J,3.997
1996-05,7J,4.204
1996-05,8J,4.386
1996-05,9J,4.544
1996-05,10J,4.6819999999999995
1996-05,20J,5.417999999999999
1996-05,30J,
1996-06,1J,2.594
1996-06,2J,2.761
1996-06,3J,3.13
1996-06,4J,3.5010000000000003
1996-06,5J,3.813
1996-06,6J,4.061
1996-06,7J,4.254
1996-06,8J,4.407
1996-06,9J,4.5280000000000005
1996-06,10J,4.627
1996-06,20J,5.0760000000000005
1996-06,30J,
1996-07,1J,2.517
1996-07,2J,2.73
1996-07,3J,3.0669999999999997
1996-07,4J,3.4010000000000002
1996-07,5J,3.695
1996-07,6J,3.9410000000000003
1996-07,7J,4.144
1996-07,8J,4.311
1996-07,9J,4.448
1996-07,10J,4.561
1996-07,20J,5.093999999999999
1996-07,30J,
1996-08,1J,2.206
1996-08,2J,2.503
1996-08,3J,2.8710000000000004
1996-08,4J,3.22
1996-08,5J,3.5269999999999997
1996-08,6J,3.7880000000000003
1996-08,7J,4.006
1996-08,8J,4.188
1996-08,9J,4.34
1996-08,10J,4.467
1996-08,20J,5.08
1996-08,30J,
1996-09,1J,1.7719999999999998
1996-09,2J,2.201
1996-09,3J,2.5810000000000004
1996-09,4J,2.928
1996-09,5J,3.237
1996-09,6J,3.508
1996-09,7J,3.741
1996-09,8J,3.94
1996-09,9J,4.111000000000001
1996-09,10J,4.256
1996-09,20J,4.988
1996-09,30J,
1996-10,1J,1.7480000000000002
1996-10,2J,1.9969999999999999
1996-10,3J,2.3680000000000003
1996-10,4J,2.7430000000000003
1996-10,5J,3.0839999999999996
1996-10,6J,3.3789999999999996
1996-10,7J,3.63
1996-10,8J,3.841
1996-10,9J,4.0169999999999995
1996-10,10J,4.166
1996-10,20J,4.885
1996-10,30J,
1996-11,1J,2.0669999999999997
1996-11,2J,2.249
1996-11,3J,2.565
1996-11,4J,2.9010000000000002
1996-11,5J,3.2110000000000003
1996-11,6J,3.4789999999999996
1996-11,7J,3.707
1996-11,8J,3.897
1996-11,9J,4.0569999999999995
1996-11,10J,4.191
1996-11,20J,4.835
1996-11,30J,
1996-12,1J,1.723
1996-12,2J,2.049
1996-12,3J,2.4019999999999997
1996-12,4J,2.7430000000000003
1996-12,5J,3.056
1996-12,6J,3.3339999999999996
1996-12,7J,3.577
1996-12,8J,3.787
1996-12,9J,3.969
1996-12,10J,4.125
1996-12,20J,4.919
1996-12,30J,
1997-01,1J,1.6869999999999998
1997-01,2J,1.98
1997-01,3J,2.305
1997-01,4J,2.625
1997-01,5J,2.9219999999999997
1997-01,6J,3.1889999999999996
1997-01,7J,3.424
1997-01,8J,3.628
1997-01,9J,3.805
1997-01,10J,3.9589999999999996
1997-01,20J,4.75
1997-01,30J,
1997-02,1J,1.571
1997-02,2J,1.726
1997-02,3J,1.9680000000000002
1997-02,4J,2.237
1997-02,5J,2.501
1997-02,6J,2.7489999999999997
1997-02,7J,2.9739999999999998
1997-02,8J,3.176
1997-02,9J,3.3560000000000003
1997-02,10J,3.517
1997-02,20J,4.441
1997-02,30J,
1997-03,1J,1.72
1997-03,2J,1.953
1997-03,3J,2.238
1997-03,4J,2.531
1997-03,5J,2.8110000000000004
1997-03,6J,3.068
1997-03,7J,3.299
1997-03,8J,3.5060000000000002
1997-03,9J,3.69
1997-03,10J,3.853
1997-03,20J,4.793
1997-03,30J,
1997-04,1J,1.7719999999999998
1997-04,2J,1.8619999999999999
1997-04,3J,2.105
1997-04,4J,2.397
1997-04,5J,2.688
1997-04,6J,2.96
1997-04,7J,3.2030000000000003
1997-04,8J,3.418
1997-04,9J,3.6060000000000003
1997-04,10J,3.7689999999999997
1997-04,20J,4.6160000000000005
1997-04,30J,
1997-05,1J,1.287
1997-05,2J,1.594
1997-05,3J,1.9369999999999998
1997-05,4J,2.2569999999999997
1997-05,5J,2.5469999999999997
1997-05,6J,2.806
1997-05,7J,3.036
1997-05,8J,3.241
1997-05,9J,3.423
1997-05,10J,3.5860000000000003
1997-05,20J,4.5280000000000005
1997-05,30J,
1997-06,1J,1.406
1997-06,2J,1.653
1997-06,3J,1.93
1997-06,4J,2.213
1997-06,5J,2.484
1997-06,6J,2.736
1997-06,7J,2.966
1997-06,8J,3.173
1997-06,9J,3.358
1997-06,10J,3.522
1997-06,20J,4.435
1997-06,30J,
1997-07,1J,1.5519999999999998
1997-07,2J,1.743
1997-07,3J,2.019
1997-07,4J,2.307
1997-07,5J,2.582
1997-07,6J,2.8339999999999996
1997-07,7J,3.06
1997-07,8J,3.259
1997-07,9J,3.4330000000000003
1997-07,10J,3.585
1997-07,20J,4.388999999999999
1997-07,30J,
1997-08,1J,1.608
1997-08,2J,1.868
1997-08,3J,2.174
1997-08,4J,2.469
1997-08,5J,2.74
1997-08,6J,2.9810000000000003
1997-08,7J,3.195
1997-08,8J,3.383
1997-08,9J,3.548
1997-08,10J,3.6919999999999997
1997-08,20J,4.468999999999999
1997-08,30J,
1997-09,1J,1.7180000000000002
1997-09,2J,2.002
1997-09,3J,2.298
1997-09,4J,2.574
1997-09,5J,2.822
1997-09,6J,3.0439999999999996
1997-09,7J,3.24
1997-09,8J,3.4139999999999997
1997-09,9J,3.568
1997-09,10J,3.7039999999999997
1997-09,20J,4.47
1997-09,30J,
1997-10,1J,2.006
1997-10,2J,2.24
1997-10,3J,2.491
1997-10,4J,2.73
1997-10,5J,2.948
1997-10,6J,3.142
1997-10,7J,3.315
1997-10,8J,3.467
1997-10,9J,3.6010000000000004
1997-10,10J,3.719
1997-10,20J,4.3660000000000005
1997-10,30J,
1997-11,1J,1.953
1997-11,2J,2.13
1997-11,3J,2.386
1997-11,4J,2.6430000000000002
1997-11,5J,2.8789999999999996
1997-11,6J,3.089
1997-11,7J,3.273
1997-11,8J,3.4330000000000003
1997-11,9J,3.572
1997-11,10J,3.6919999999999997
1997-11,20J,4.319
1997-11,30J,
1997-12,1J,1.6580000000000001
1997-12,2J,1.883
1997-12,3J,2.136
1997-12,4J,2.384
1997-12,5J,2.614
1997-12,6J,2.821
1997-12,7J,3.0060000000000002
1997-12,8J,3.1710000000000003
1997-12,9J,3.3160000000000003
1997-12,10J,3.445
1997-12,20J,4.167
1997-12,30J,4.445
1998-01,1J,1.4069999999999998
1998-01,2J,1.5830000000000002
1998-01,3J,1.8090000000000002
1998-01,4J,2.039
1998-01,5J,2.256
1998-01,6J,2.455
1998-01,7J,2.636
1998-01,8J,2.801
1998-01,9J,2.949
1998-01,10J,3.0839999999999996
1998-01,20J,3.917
1998-01,30J,4.284
1998-02,1J,1.128
1998-02,2J,1.369
1998-02,3J,1.619
1998-02,4J,1.86
1998-02,5J,2.084
1998-02,6J,2.291
1998-02,7J,2.481
1998-02,8J,2.656
1998-02,9J,2.8160000000000003
1998-02,10J,2.964
1998-02,20J,3.9360000000000004
1998-02,30J,4.408
1998-03,1J,1.568
1998-03,2J,1.758
1998-03,3J,1.946
1998-03,4J,2.131
1998-03,5J,2.313
1998-03,6J,2.488
1998-03,7J,2.657
1998-03,8J,2.8169999999999997
1998-03,9J,2.968
1998-03,10J,3.109
1998-03,20J,4.065
1998-03,30J,4.51
1998-04,1J,1.715
1998-04,2J,1.9809999999999999
1998-04,3J,2.205
1998-04,4J,2.403
1998-04,5J,2.585
1998-04,6J,2.7560000000000002
1998-04,7J,2.9160000000000004
1998-04,8J,3.068
1998-04,9J,3.2110000000000003
1998-04,10J,3.344
1998-04,20J,4.255
1998-04,30J,4.677
1998-05,1J,1.72
1998-05,2J,1.921
1998-05,3J,2.1109999999999998
1998-05,4J,2.291
1998-05,5J,2.461
1998-05,6J,2.622
1998-05,7J,2.773
1998-05,8J,2.9160000000000004
1998-05,9J,3.051
1998-05,10J,3.179
1998-05,20J,4.137
1998-05,30J,4.712
1998-06,1J,2.117
1998-06,2J,2.2159999999999997
1998-06,3J,2.333
1998-06,4J,2.4659999999999997
1998-06,5J,2.608
1998-06,6J,2.7539999999999996
1998-06,7J,2.8989999999999996
1998-06,8J,3.0410000000000004
1998-06,9J,3.178
1998-06,10J,3.3080000000000003
1998-06,20J,4.228
1998-06,30J,4.6739999999999995
1998-07,1J,1.982
1998-07,2J,2.0669999999999997
1998-07,3J,2.198
1998-07,4J,2.347
1998-07,5J,2.499
1998-07,6J,2.6489999999999996
1998-07,7J,2.7939999999999996
1998-07,8J,2.932
1998-07,9J,3.0639999999999996
1998-07,10J,3.19
1998-07,20J,4.12
1998-07,30J,4.641
1998-08,1J,1.59
1998-08,2J,1.756
1998-08,3J,1.9240000000000002
1998-08,4J,2.089
1998-08,5J,2.25
1998-08,6J,2.407
1998-08,7J,2.559
1998-08,8J,2.7060000000000004
1998-08,9J,2.8489999999999998
1998-08,10J,2.988
1998-08,20J,4.156000000000001
1998-08,30J,4.703
1998-09,1J,1.722
1998-09,2J,1.74
1998-09,3J,1.785
1998-09,4J,1.922
1998-09,5J,2.115
1998-09,6J,2.329
1998-09,7J,2.542
1998-09,8J,2.742
1998-09,9J,2.924
1998-09,10J,3.0860000000000003
1998-09,20J,3.964
1998-09,30J,4.281000000000001
1998-10,1J,1.3980000000000001
1998-10,2J,1.484
1998-10,3J,1.5730000000000002
1998-10,4J,1.7309999999999999
1998-10,5J,1.9340000000000002
1998-10,6J,2.1519999999999997
1998-10,7J,2.3680000000000003
1998-10,8J,2.569
1998-10,9J,2.7510000000000003
1998-10,10J,2.9139999999999997
1998-10,20J,3.7960000000000003
1998-10,30J,4.115
1998-11,1J,1.6840000000000002
1998-11,2J,1.7469999999999999
1998-11,3J,1.788
1998-11,4J,1.847
1998-11,5J,1.935
1998-11,6J,2.05
1998-11,7J,2.186
1998-11,8J,2.338
1998-11,9J,2.497
1998-11,10J,2.659
1998-11,20J,3.9739999999999998
1998-11,30J,4.651
1998-12,1J,1.7530000000000001
1998-12,2J,1.7280000000000002
1998-12,3J,1.719
1998-12,4J,1.805
1998-12,5J,1.946
1998-12,6J,2.11
1998-12,7J,2.276
1998-12,8J,2.434
1998-12,9J,2.58
1998-12,10J,2.71
1998-12,20J,3.425
1998-12,30J,4.783
1999-01,1J,1.381
1999-01,2J,1.568
1999-01,3J,1.656
1999-01,4J,1.735
1999-01,5J,1.831
1999-01,6J,1.9509999999999998
1999-01,7J,2.089
1999-01,8J,2.24
1999-01,9J,2.397
1999-01,10J,2.555
1999-01,20J,3.7760000000000002
1999-01,30J,4.373
1999-02,1J,1.2930000000000001
1999-02,2J,1.4909999999999999
1999-02,3J,1.632
1999-02,4J,1.744
1999-02,5J,1.854
1999-02,6J,1.974
1999-02,7J,2.1069999999999998
1999-02,8J,2.25
1999-02,9J,2.399
1999-02,10J,2.55
1999-02,20J,3.784
1999-02,30J,4.426
1999-03,1J,1.375
1999-03,2J,1.554
1999-03,3J,1.6640000000000001
1999-03,4J,1.764
1999-03,5J,1.875
1999-03,6J,2.002
1999-03,7J,2.1430000000000002
1999-03,8J,2.294
1999-03,9J,2.449
1999-03,10J,2.6039999999999996
1999-03,20J,3.815
1999-03,30J,4.416
1999-04,1J,1.171
1999-04,2J,1.376
1999-04,3J,1.537
1999-04,4J,1.68
1999-04,5J,1.819
1999-04,6J,1.959
1999-04,7J,2.101
1999-04,8J,2.245
1999-04,9J,2.39
1999-04,10J,2.5340000000000003
1999-04,20J,3.705
1999-04,30J,4.346
1999-05,1J,1.17
1999-05,2J,1.41
1999-05,3J,1.6159999999999999
1999-05,4J,1.8030000000000002
1999-05,5J,1.976
1999-05,6J,2.1390000000000002
1999-05,7J,2.294
1999-05,8J,2.443
1999-05,9J,2.585
1999-05,10J,2.72
1999-05,20J,3.775
1999-05,30J,4.414
1999-06,1J,1.588
1999-06,2J,1.929
1999-06,3J,2.138
1999-06,4J,2.282
1999-06,5J,2.398
1999-06,6J,2.503
1999-06,7J,2.608
1999-06,8J,2.714
1999-06,9J,2.824
1999-06,10J,2.937
1999-06,20J,3.97
1999-06,30J,4.624
1999-07,1J,1.676
1999-07,2J,2.092
1999-07,3J,2.299
1999-07,4J,2.426
1999-07,5J,2.528
1999-07,6J,2.6260000000000003
1999-07,7J,2.7260000000000004
1999-07,8J,2.83
1999-07,9J,2.9360000000000004
1999-07,10J,3.0439999999999996
1999-07,20J,4.0089999999999995
1999-07,30J,4.677
1999-08,1J,1.72
1999-08,2J,2.204
1999-08,3J,2.456
1999-08,4J,2.603
1999-08,5J,2.708
1999-08,6J,2.799
1999-08,7J,2.888
1999-08,8J,2.9789999999999996
1999-08,9J,3.073
1999-08,10J,3.1689999999999996
1999-08,20J,4.016
1999-08,30J,4.529
1999-09,1J,2.11
1999-09,2J,2.5269999999999997
1999-09,3J,2.7239999999999998
1999-09,4J,2.845
1999-09,5J,2.944
1999-09,6J,3.0389999999999997
1999-09,7J,3.135
1999-09,8J,3.233
1999-09,9J,3.33
1999-09,10J,3.427
1999-09,20J,4.199
1999-09,30J,4.647
1999-10,1J,2.536
1999-10,2J,2.991
1999-10,3J,3.1039999999999996
1999-10,4J,3.148
1999-10,5J,3.196
1999-10,6J,3.263
1999-10,7J,3.345
1999-10,8J,3.4360000000000004
1999-10,9J,3.53
1999-10,10J,3.625
1999-10,20J,4.379
1999-10,30J,4.792
1999-11,1J,2.435
1999-11,2J,2.8339999999999996
1999-11,3J,2.9330000000000003
1999-11,4J,2.9960000000000004
1999-11,5J,3.083
1999-11,6J,3.196
1999-11,7J,3.322
1999-11,8J,3.451
1999-11,9J,3.575
1999-11,10J,3.69
1999-11,20J,4.362
1999-11,30J,4.614
1999-12,1J,2.17
1999-12,2J,2.539
1999-12,3J,2.715
1999-12,4J,2.8510000000000004
1999-12,5J,2.986
1999-12,6J,3.123
1999-12,7J,3.2569999999999997
1999-12,8J,3.386
1999-12,9J,3.5060000000000002
1999-12,10J,3.617
1999-12,20J,4.276
1999-12,30J,4.535
2000-01,1J,2.5380000000000003
2000-01,2J,2.8289999999999997
2000-01,3J,3.0269999999999997
2000-01,4J,3.177
2000-01,5J,3.302
2000-01,6J,3.4139999999999997
2000-01,7J,3.516
2000-01,8J,3.611
2000-01,9J,3.7
2000-01,10J,3.784
2000-01,20J,4.368
2000-01,30J,4.657
2000-02,1J,2.984
2000-02,2J,3.25
2000-02,3J,3.324
2000-02,4J,3.38
2000-02,5J,3.45
2000-02,6J,3.532
2000-02,7J,3.6189999999999998
2000-02,8J,3.7060000000000004
2000-02,9J,3.79
2000-02,10J,3.8680000000000003
2000-02,20J,4.369
2000-02,30J,4.581
2000-03,1J,3.4589999999999996
2000-03,2J,3.637
2000-03,3J,3.6460000000000004
2000-03,4J,3.67
2000-03,5J,3.7289999999999996
2000-03,6J,3.812
2000-03,7J,3.903
2000-03,8J,3.9939999999999998
2000-03,9J,4.078
2000-03,10J,4.155
2000-03,20J,4.572
2000-03,30J,4.7219999999999995
2000-04,1J,3.612
2000-04,2J,3.765
2000-04,3J,3.799
2000-04,4J,3.82
2000-04,5J,3.8489999999999998
2000-04,6J,3.887
2000-04,7J,3.931
2000-04,8J,3.9789999999999996
2000-04,9J,4.0280000000000005
2000-04,10J,4.0760000000000005
2000-04,20J,4.465
2000-04,30J,4.692
2000-05,1J,3.721
2000-05,2J,3.8789999999999996
2000-05,3J,3.888
2000-05,4J,3.8989999999999996
2000-05,5J,3.931
2000-05,6J,3.977
2000-05,7J,4.029
2000-05,8J,4.084
2000-05,9J,4.138
2000-05,10J,4.19
2000-05,20J,4.539
2000-05,30J,4.694
2000-06,1J,3.738
2000-06,2J,3.8
2000-06,3J,3.783
2000-06,4J,3.781
2000-06,5J,3.799
2000-06,6J,3.832
2000-06,7J,3.872
2000-06,8J,3.9160000000000004
2000-06,9J,3.9619999999999997
2000-06,10J,4.008
2000-06,20J,4.395
2000-06,30J,4.6419999999999995
2000-07,1J,3.9010000000000002
2000-07,2J,3.943
2000-07,3J,3.883
2000-07,4J,3.847
2000-07,5J,3.841
2000-07,6J,3.8539999999999996
2000-07,7J,3.8789999999999996
2000-07,8J,3.909
2000-07,9J,3.9419999999999997
2000-07,10J,3.9760000000000004
2000-07,20J,4.261
2000-07,30J,4.43
2000-08,1J,3.843
2000-08,2J,3.804
2000-08,3J,3.721
2000-08,4J,3.685
2000-08,5J,3.6839999999999997
2000-08,6J,3.702
2000-08,7J,3.7310000000000003
2000-08,8J,3.765
2000-08,9J,3.802
2000-08,10J,3.84
2000-08,20J,4.177
2000-08,30J,4.401
2000-09,1J,3.633
2000-09,2J,3.615
2000-09,3J,3.6189999999999998
2000-09,4J,3.654
2000-09,5J,3.702
2000-09,6J,3.7539999999999996
2000-09,7J,3.807
2000-09,8J,3.858
2000-09,9J,3.907
2000-09,10J,3.9539999999999997
2000-09,20J,4.284
2000-09,30J,4.449
2000-10,1J,3.5980000000000003
2000-10,2J,3.5780000000000003
2000-10,3J,3.585
2000-10,4J,3.623
2000-10,5J,3.6719999999999997
2000-10,6J,3.7260000000000004
2000-10,7J,3.779
2000-10,8J,3.8310000000000004
2000-10,9J,3.88
2000-10,10J,3.927
2000-10,20J,4.265
2000-10,30J,4.446000000000001
2000-11,1J,3.6069999999999998
2000-11,2J,3.614
2000-11,3J,3.576
2000-11,4J,3.568
2000-11,5J,3.583
2000-11,6J,3.613
2000-11,7J,3.6489999999999996
2000-11,8J,3.6889999999999996
2000-11,9J,3.73
2000-11,10J,3.7710000000000004
2000-11,20J,4.115
2000-11,30J,4.325
2000-12,1J,3.2769999999999997
2000-12,2J,3.2319999999999998
2000-12,3J,3.22
2000-12,4J,3.236
2000-12,5J,3.2710000000000004
2000-12,6J,3.319
2000-12,7J,3.3739999999999997
2000-12,8J,3.4330000000000003
2000-12,9J,3.4930000000000003
2000-12,10J,3.552
2000-12,20J,3.983
2000-12,30J,4.188
2001-01,1J,3.225
2001-01,2J,3.162
2001-01,3J,3.145
2001-01,4J,3.158
2001-01,5J,3.193
2001-01,6J,3.242
2001-01,7J,3.3
2001-01,8J,3.364
2001-01,9J,3.43
2001-01,10J,3.497
2001-01,20J,4.02
2001-01,30J,4.28
2001-02,1J,3.253
2001-02,2J,3.156
2001-02,3J,3.122
2001-02,4J,3.1319999999999997
2001-02,5J,3.1689999999999996
2001-02,6J,3.222
2001-02,7J,3.285
2001-02,8J,3.3539999999999996
2001-02,9J,3.423
2001-02,10J,3.492
2001-02,20J,4.013
2001-02,30J,4.2669999999999995
2001-03,1J,3.0380000000000003
2001-03,2J,2.9960000000000004
2001-03,3J,2.9960000000000004
2001-03,4J,3.013
2001-03,5J,3.0439999999999996
2001-03,6J,3.0869999999999997
2001-03,7J,3.139
2001-03,8J,3.198
2001-03,9J,3.261
2001-03,10J,3.327
2001-03,20J,3.925
2001-03,30J,4.294
2001-04,1J,3.1430000000000002
2001-04,2J,3.1630000000000003
2001-04,3J,3.181
2001-04,4J,3.205
2001-04,5J,3.239
2001-04,6J,3.284
2001-04,7J,3.3369999999999997
2001-04,8J,3.397
2001-04,9J,3.4610000000000003
2001-04,10J,3.529
2001-04,20J,4.141
2001-04,30J,4.496
2001-05,1J,3.167
2001-05,2J,3.175
2001-05,3J,3.1910000000000003
2001-05,4J,3.221
2001-05,5J,3.262
2001-05,6J,3.3110000000000004
2001-05,7J,3.3680000000000003
2001-05,8J,3.428
2001-05,9J,3.491
2001-05,10J,3.556
2001-05,20J,4.14
2001-05,30J,4.519
2001-06,1J,3.128
2001-06,2J,3.103
2001-06,3J,3.093
2001-06,4J,3.102
2001-06,5J,3.127
2001-06,6J,3.1639999999999997
2001-06,7J,3.2110000000000003
2001-06,8J,3.264
2001-06,9J,3.322
2001-06,10J,3.383
2001-06,20J,3.972
2001-06,30J,4.369
2001-07,1J,3.0980000000000003
2001-07,2J,3.045
2001-07,3J,3.0269999999999997
2001-07,4J,3.037
2001-07,5J,3.0669999999999997
2001-07,6J,3.111
2001-07,7J,3.165
2001-07,8J,3.225
2001-07,9J,3.29
2001-07,10J,3.3569999999999998
2001-07,20J,3.9539999999999997
2001-07,30J,4.314
2001-08,1J,2.807
2001-08,2J,2.8139999999999996
2001-08,3J,2.8789999999999996
2001-08,4J,2.943
2001-08,5J,3.003
2001-08,6J,3.0639999999999996
2001-08,7J,3.1260000000000003
2001-08,8J,3.1889999999999996
2001-08,9J,3.253
2001-08,10J,3.3169999999999997
2001-08,20J,3.87
2001-08,30J,4.211
2001-09,1J,2.261
2001-09,2J,2.426
2001-09,3J,2.571
2001-09,4J,2.7030000000000003
2001-09,5J,2.824
2001-09,6J,2.935
2001-09,7J,3.0380000000000003
2001-09,8J,3.133
2001-09,9J,3.221
2001-09,10J,3.302
2001-09,20J,3.86
2001-09,30J,4.151
2001-10,1J,1.8559999999999999
2001-10,2J,2.0580000000000003
2001-10,3J,2.251
2001-10,4J,2.406
2001-10,5J,2.535
2001-10,6J,2.648
2001-10,7J,2.7489999999999997
2001-10,8J,2.841
2001-10,9J,2.926
2001-10,10J,3.005
2001-10,20J,3.577
2001-10,30J,3.915
2001-11,1J,2.147
2001-11,2J,2.376
2001-11,3J,2.536
2001-11,4J,2.6719999999999997
2001-11,5J,2.792
2001-11,6J,2.9019999999999997
2001-11,7J,3.002
2001-11,8J,3.095
2001-11,9J,3.181
2001-11,10J,3.261
2001-11,20J,3.8160000000000003
2001-11,30J,4.113
2001-12,1J,2.1069999999999998
2001-12,2J,2.454
2001-12,3J,2.72
2001-12,4J,2.927
2001-12,5J,3.089
2001-12,6J,3.219
2001-12,7J,3.326
2001-12,8J,3.4139999999999997
2001-12,9J,3.49
2001-12,10J,3.555
2001-12,20J,3.977
2001-12,30J,4.223
2002-01,1J,2.117
2002-01,2J,2.575
2002-01,3J,2.878
2002-01,4J,3.082
2002-01,5J,3.225
2002-01,6J,3.3289999999999997
2002-01,7J,3.41
2002-01,8J,3.477
2002-01,9J,3.536
2002-01,10J,3.59
2002-01,20J,4.024
2002-01,30J,4.3
2002-02,1J,2.128
2002-02,2J,2.476
2002-02,3J,2.748
2002-02,4J,2.9610000000000003
2002-02,5J,3.13
2002-02,6J,3.265
2002-02,7J,3.3760000000000003
2002-02,8J,3.467
2002-02,9J,3.5439999999999996
2002-02,10J,3.61
2002-02,20J,4.016
2002-02,30J,4.261
2002-03,1J,2.112
2002-03,2J,2.592
2002-03,3J,2.892
2002-03,4J,3.088
2002-03,5J,3.227
2002-03,6J,3.3339999999999996
2002-03,7J,3.4219999999999997
2002-03,8J,3.4989999999999997
2002-03,9J,3.57
2002-03,10J,3.636
2002-03,20J,4.093
2002-03,30J,4.3069999999999995
2002-04,1J,2.011
2002-04,2J,2.381
2002-04,3J,2.658
2002-04,4J,2.87
2002-04,5J,3.035
2002-04,6J,3.168
2002-04,7J,3.278
2002-04,8J,3.372
2002-04,9J,3.4539999999999997
2002-04,10J,3.528
2002-04,20J,4.04
2002-04,30J,4.336
2002-05,1J,1.73
2002-05,2J,2.1919999999999997
2002-05,3J,2.509
2002-05,4J,2.739
2002-05,5J,2.915
2002-05,6J,3.057
2002-05,7J,3.178
2002-05,8J,3.284
2002-05,9J,3.3789999999999996
2002-05,10J,3.465
2002-05,20J,4.0280000000000005
2002-05,30J,4.283
2002-06,1J,1.659
2002-06,2J,2.072
2002-06,3J,2.355
2002-06,4J,2.562
2002-06,5J,2.727
2002-06,6J,2.865
2002-06,7J,2.988
2002-06,8J,3.1
2002-06,9J,3.2030000000000003
2002-06,10J,3.299
2002-06,20J,3.96
2002-06,30J,4.271
2002-07,1J,1.078
2002-07,2J,1.56
2002-07,3J,1.939
2002-07,4J,2.244
2002-07,5J,2.494
2002-07,6J,2.701
2002-07,7J,2.8739999999999997
2002-07,8J,3.0189999999999997
2002-07,9J,3.1430000000000002
2002-07,10J,3.248
2002-07,20J,3.786
2002-07,30J,3.9789999999999996
2002-08,1J,0.934
2002-08,2J,1.3840000000000001
2002-08,3J,1.776
2002-08,4J,2.1
2002-08,5J,2.3680000000000003
2002-08,6J,2.591
2002-08,7J,2.779
2002-08,8J,2.938
2002-08,9J,3.075
2002-08,10J,3.1919999999999997
2002-08,20J,3.806
2002-08,30J,4.032
2002-09,1J,0.9790000000000001
2002-09,2J,1.275
2002-09,3J,1.5390000000000001
2002-09,4J,1.776
2002-09,5J,1.989
2002-09,6J,2.1790000000000003
2002-09,7J,2.349
2002-09,8J,2.501
2002-09,9J,2.638
2002-09,10J,2.761
2002-09,20J,3.498
2002-09,30J,3.878
2002-10,1J,0.71
2002-10,2J,1.072
2002-10,3J,1.4240000000000002
2002-10,4J,1.7309999999999999
2002-10,5J,1.994
2002-10,6J,2.22
2002-10,7J,2.415
2002-10,8J,2.5839999999999996
2002-10,9J,2.733
2002-10,10J,2.863
2002-10,20J,3.6
2002-10,30J,3.8939999999999997
2002-11,1J,0.9229999999999999
2002-11,2J,1.224
2002-11,3J,1.4969999999999999
2002-11,4J,1.743
2002-11,5J,1.966
2002-11,6J,2.167
2002-11,7J,2.349
2002-11,8J,2.515
2002-11,9J,2.6639999999999997
2002-11,10J,2.799
2002-11,20J,3.625
2002-11,30J,3.952
2002-12,1J,0.5589999999999999
2002-12,2J,0.7859999999999999
2002-12,3J,1.062
2002-12,4J,1.318
2002-12,5J,1.547
2002-12,6J,1.751
2002-12,7J,1.935
2002-12,8J,2.102
2002-12,9J,2.255
2002-12,10J,2.396
2002-12,20J,3.3560000000000003
2002-12,30J,3.8560000000000003
2003-01,1J,0.601
2003-01,2J,0.8270000000000001
2003-01,3J,1.075
2003-01,4J,1.315
2003-01,5J,1.538
2003-01,6J,1.742
2003-01,7J,1.929
2003-01,8J,2.099
2003-01,9J,2.254
2003-01,10J,2.396
2003-01,20J,3.323
2003-01,30J,3.745
2003-02,1J,0.478
2003-02,2J,0.6729999999999999
2003-02,3J,0.9309999999999999
2003-02,4J,1.194
2003-02,5J,1.442
2003-02,6J,1.669
2003-02,7J,1.8730000000000002
2003-02,8J,2.0580000000000003
2003-02,9J,2.224
2003-02,10J,2.375
2003-02,20J,3.333
2003-02,30J,3.787
2003-03,1J,0.445
2003-03,2J,0.7809999999999999
2003-03,3J,1.078
2003-03,4J,1.3459999999999999
2003-03,5J,1.59
2003-03,6J,1.8130000000000002
2003-03,7J,2.0180000000000002
2003-03,8J,2.206
2003-03,9J,2.378
2003-03,10J,2.537
2003-03,20J,3.5660000000000003
2003-03,30J,4.024
2003-04,1J,0.44
2003-04,2J,0.823
2003-04,3J,1.171
2003-04,4J,1.474
2003-04,5J,1.7380000000000002
2003-04,6J,1.97
2003-04,7J,2.175
2003-04,8J,2.355
2003-04,9J,2.516
2003-04,10J,2.659
2003-04,20J,3.4989999999999997
2003-04,30J,3.85
2003-05,1J,0.299
2003-05,2J,0.598
2003-05,3J,0.898
2003-05,4J,1.175
2003-05,5J,1.425
2003-05,6J,1.65
2003-05,7J,1.8530000000000002
2003-05,8J,2.0380000000000003
2003-05,9J,2.206
2003-05,10J,2.358
2003-05,20J,3.342
2003-05,30J,3.806
2003-06,1J,0.341
2003-06,2J,0.664
2003-06,3J,1.003
2003-06,4J,1.321
2003-06,5J,1.609
2003-06,6J,1.8630000000000002
2003-06,7J,2.0869999999999997
2003-06,8J,2.283
2003-06,9J,2.455
2003-06,10J,2.6069999999999998
2003-06,20J,3.446
2003-06,30J,3.767
2003-07,1J,0.35700000000000004
2003-07,2J,0.721
2003-07,3J,1.088
2003-07,4J,1.422
2003-07,5J,1.715
2003-07,6J,1.966
2003-07,7J,2.182
2003-07,8J,2.367
2003-07,9J,2.5269999999999997
2003-07,10J,2.6660000000000004
2003-07,20J,3.4530000000000003
2003-07,30J,3.786
2003-08,1J,0.38799999999999996
2003-08,2J,0.862
2003-08,3J,1.3
2003-08,4J,1.665
2003-08,5J,1.963
2003-08,6J,2.208
2003-08,7J,2.4130000000000003
2003-08,8J,2.589
2003-08,9J,2.741
2003-08,10J,2.875
2003-08,20J,3.627
2003-08,30J,3.924
2003-09,1J,0.315
2003-09,2J,0.7290000000000001
2003-09,3J,1.145
2003-09,4J,1.508
2003-09,5J,1.8130000000000002
2003-09,6J,2.068
2003-09,7J,2.2840000000000003
2003-09,8J,2.471
2003-09,9J,2.633
2003-09,10J,2.7769999999999997
2003-09,20J,3.6239999999999997
2003-09,30J,3.98
2003-10,1J,0.462
2003-10,2J,0.948
2003-10,3J,1.381
2003-10,4J,1.734
2003-10,5J,2.017
2003-10,6J,2.249
2003-10,7J,2.444
2003-10,8J,2.61
2003-10,9J,2.755
2003-10,10J,2.8819999999999997
2003-10,20J,3.633
2003-10,30J,3.945
2003-11,1J,0.55
2003-11,2J,1.081
2003-11,3J,1.535
2003-11,4J,1.895
2003-11,5J,2.1790000000000003
2003-11,6J,2.406
2003-11,7J,2.592
2003-11,8J,2.748
2003-11,9J,2.88
2003-11,10J,2.9930000000000003
2003-11,20J,3.596
2003-11,30J,3.821
2003-12,1J,0.484
2003-12,2J,0.938
2003-12,3J,1.367
2003-12,4J,1.722
2003-12,5J,2.003
2003-12,6J,2.226
2003-12,7J,2.405
2003-12,8J,2.552
2003-12,9J,2.674
2003-12,10J,2.78
2003-12,20J,3.406
2003-12,30J,3.7119999999999997
2004-01,1J,0.462
2004-01,2J,0.852
2004-01,3J,1.229
2004-01,4J,1.5730000000000002
2004-01,5J,1.8769999999999998
2004-01,6J,2.14
2004-01,7J,2.364
2004-01,8J,2.555
2004-01,9J,2.716
2004-01,10J,2.852
2004-01,20J,3.505
2004-01,30J,3.763
2004-02,1J,0.377
2004-02,2J,0.71
2004-02,3J,1.05
2004-02,4J,1.374
2004-02,5J,1.67
2004-02,6J,1.933
2004-02,7J,2.162
2004-02,8J,2.3609999999999998
2004-02,9J,2.533
2004-02,10J,2.681
2004-02,20J,3.4389999999999996
2004-02,30J,3.707
2004-03,1J,0.39
2004-03,2J,0.74
2004-03,3J,1.087
2004-03,4J,1.405
2004-03,5J,1.6880000000000002
2004-03,6J,1.9340000000000002
2004-03,7J,2.148
2004-03,8J,2.332
2004-03,9J,2.4930000000000003
2004-03,10J,2.6319999999999997
2004-03,20J,3.383
2004-03,30J,3.6660000000000004
2004-04,1J,0.68
2004-04,2J,1.1320000000000001
2004-04,3J,1.499
2004-04,4J,1.7990000000000002
2004-04,5J,2.046
2004-04,6J,2.253
2004-04,7J,2.426
2004-04,8J,2.574
2004-04,9J,2.7
2004-04,10J,2.8089999999999997
2004-04,20J,3.412
2004-04,30J,3.6639999999999997
2004-05,1J,0.7340000000000001
2004-05,2J,1.226
2004-05,3J,1.6119999999999999
2004-05,4J,1.9180000000000001
2004-05,5J,2.164
2004-05,6J,2.365
2004-05,7J,2.53
2004-05,8J,2.6689999999999996
2004-05,9J,2.787
2004-05,10J,2.888
2004-05,20J,3.465
2004-05,30J,3.7260000000000004
2004-06,1J,1.028
2004-06,2J,1.506
2004-06,3J,1.8630000000000002
2004-06,4J,2.1390000000000002
2004-06,5J,2.3609999999999998
2004-06,6J,2.543
2004-06,7J,2.697
2004-06,8J,2.8280000000000003
2004-06,9J,2.9410000000000003
2004-06,10J,3.04
2004-06,20J,3.5780000000000003
2004-06,30J,3.782
2004-07,1J,0.96
2004-07,2J,1.415
2004-07,3J,1.749
2004-07,4J,2.0180000000000002
2004-07,5J,2.242
2004-07,6J,2.4330000000000003
2004-07,7J,2.595
2004-07,8J,2.734
2004-07,9J,2.8539999999999996
2004-07,10J,2.957
2004-07,20J,3.5
2004-07,30J,3.699
2004-08,1J,0.847
2004-08,2J,1.182
2004-08,3J,1.4969999999999999
2004-08,4J,1.777
2004-08,5J,2.019
2004-08,6J,2.229
2004-08,7J,2.411
2004-08,8J,2.568
2004-08,9J,2.705
2004-08,10J,2.825
2004-08,20J,3.4789999999999996
2004-08,30J,3.728
2004-09,1J,0.9640000000000001
2004-09,2J,1.314
2004-09,3J,1.6059999999999999
2004-09,4J,1.8519999999999999
2004-09,5J,2.06
2004-09,6J,2.239
2004-09,7J,2.3930000000000002
2004-09,8J,2.5269999999999997
2004-09,9J,2.6460000000000004
2004-09,10J,2.75
2004-09,20J,3.3789999999999996
2004-09,30J,3.6660000000000004
2004-10,1J,0.888
2004-10,2J,1.141
2004-10,3J,1.395
2004-10,4J,1.6380000000000001
2004-10,5J,1.86
2004-10,6J,2.057
2004-10,7J,2.23
2004-10,8J,2.381
2004-10,9J,2.51
2004-10,10J,2.623
2004-10,20J,3.2030000000000003
2004-10,30J,3.41
2004-11,1J,1.013
2004-11,2J,1.245
2004-11,3J,1.421
2004-11,4J,1.5959999999999999
2004-11,5J,1.771
2004-11,6J,1.9369999999999998
2004-11,7J,2.088
2004-11,8J,2.2230000000000003
2004-11,9J,2.3409999999999997
2004-11,10J,2.443
2004-11,20J,2.97
2004-11,30J,3.155
2004-12,1J,0.885
2004-12,2J,1.137
2004-12,3J,1.364
2004-12,4J,1.568
2004-12,5J,1.749
2004-12,6J,1.909
2004-12,7J,2.05
2004-12,8J,2.175
2004-12,9J,2.285
2004-12,10J,2.3819999999999997
2004-12,20J,2.923
2004-12,30J,3.13
2005-01,1J,0.887
2005-01,2J,1.079
2005-01,3J,1.264
2005-01,4J,1.446
2005-01,5J,1.618
2005-01,6J,1.776
2005-01,7J,1.9180000000000001
2005-01,8J,2.043
2005-01,9J,2.153
2005-01,10J,2.249
2005-01,20J,2.7569999999999997
2005-01,30J,2.9410000000000003
2005-02,1J,0.899
2005-02,2J,1.124
2005-02,3J,1.34
2005-02,4J,1.546
2005-02,5J,1.736
2005-02,6J,1.905
2005-02,7J,2.052
2005-02,8J,2.1790000000000003
2005-02,9J,2.2880000000000003
2005-02,10J,2.381
2005-02,20J,2.846
2005-02,30J,3.0069999999999997
2005-03,1J,0.872
2005-03,2J,1.14
2005-03,3J,1.331
2005-03,4J,1.51
2005-03,5J,1.6869999999999998
2005-03,6J,1.8530000000000002
2005-03,7J,2.004
2005-03,8J,2.137
2005-03,9J,2.254
2005-03,10J,2.355
2005-03,20J,2.8710000000000004
2005-03,30J,3.051
2005-04,1J,0.769
2005-04,2J,0.9520000000000001
2005-04,3J,1.135
2005-04,4J,1.3090000000000002
2005-04,5J,1.4709999999999999
2005-04,6J,1.618
2005-04,7J,1.7519999999999998
2005-04,8J,1.8719999999999999
2005-04,9J,1.979
2005-04,10J,2.074
2005-04,20J,2.615
2005-04,30J,2.823
2005-05,1J,0.772
2005-05,2J,0.948
2005-05,3J,1.117
2005-05,4J,1.2790000000000001
2005-05,5J,1.431
2005-05,6J,1.571
2005-05,7J,1.699
2005-05,8J,1.815
2005-05,9J,1.92
2005-05,10J,2.0140000000000002
2005-05,20J,2.56
2005-05,30J,2.7769999999999997
2005-06,1J,0.688
2005-06,2J,0.87
2005-06,3J,1.064
2005-06,4J,1.246
2005-06,5J,1.411
2005-06,6J,1.558
2005-06,7J,1.6880000000000002
2005-06,8J,1.804
2005-06,9J,1.9069999999999998
2005-06,10J,1.999
2005-06,20J,2.55
2005-06,30J,2.787
2005-07,1J,0.772
2005-07,2J,0.948
2005-07,3J,1.129
2005-07,4J,1.3
2005-07,5J,1.454
2005-07,6J,1.589
2005-07,7J,1.704
2005-07,8J,1.8019999999999998
2005-07,9J,1.885
2005-07,10J,1.955
2005-07,20J,2.355
2005-07,30J,2.7089999999999996
2005-08,1J,0.818
2005-08,2J,0.997
2005-08,3J,1.157
2005-08,4J,1.3019999999999998
2005-08,5J,1.432
2005-08,6J,1.551
2005-08,7J,1.659
2005-08,8J,1.757
2005-08,9J,1.847
2005-08,10J,1.9280000000000002
2005-08,20J,2.456
2005-08,30J,2.705
2005-09,1J,0.897
2005-09,2J,1.12
2005-09,3J,1.305
2005-09,4J,1.4580000000000002
2005-09,5J,1.584
2005-09,6J,1.6880000000000002
2005-09,7J,1.774
2005-09,8J,1.844
2005-09,9J,1.902
2005-09,10J,1.95
2005-09,20J,2.211
2005-09,30J,2.519
2005-10,1J,1.074
2005-10,2J,1.399
2005-10,3J,1.624
2005-10,4J,1.7790000000000001
2005-10,5J,1.886
2005-10,6J,1.96
2005-10,7J,2.011
2005-10,8J,2.048
2005-10,9J,2.075
2005-10,10J,2.097
2005-10,20J,2.293
2005-10,30J,2.552
2005-11,1J,1.361
2005-11,2J,1.6569999999999998
2005-11,3J,1.791
2005-11,4J,1.869
2005-11,5J,1.929
2005-11,6J,1.983
2005-11,7J,2.036
2005-11,8J,2.088
2005-11,9J,2.137
2005-11,10J,2.184
2005-11,20J,2.501
2005-11,30J,2.648
2005-12,1J,1.248
2005-12,2J,1.548
2005-12,3J,1.693
2005-12,4J,1.765
2005-12,5J,1.807
2005-12,6J,1.837
2005-12,7J,1.865
2005-12,8J,1.895
2005-12,9J,1.926
2005-12,10J,1.96
2005-12,20J,2.314
2005-12,30J,2.5789999999999997
2006-01,1J,1.294
2006-01,2J,1.6019999999999999
2006-01,3J,1.78
2006-01,4J,1.8869999999999998
2006-01,5J,1.956
2006-01,6J,2.0069999999999997
2006-01,7J,2.048
2006-01,8J,2.085
2006-01,9J,2.119
2006-01,10J,2.153
2006-01,20J,2.447
2006-01,30J,2.637
2006-02,1J,1.476
2006-02,2J,1.689
2006-02,3J,1.8090000000000002
2006-02,4J,1.902
2006-02,5J,1.9809999999999999
2006-02,6J,2.051
2006-02,7J,2.112
2006-02,8J,2.165
2006-02,9J,2.211
2006-02,10J,2.252
2006-02,20J,2.4659999999999997
2006-02,30J,2.545
2006-03,1J,1.565
2006-03,2J,1.7919999999999998
2006-03,3J,1.959
2006-03,4J,2.0980000000000003
2006-03,5J,2.213
2006-03,6J,2.305
2006-03,7J,2.377
2006-03,8J,2.434
2006-03,9J,2.48
2006-03,10J,2.517
2006-03,20J,2.687
2006-03,30J,2.7430000000000003
2006-04,1J,1.6680000000000001
2006-04,2J,1.936
2006-04,3J,2.14
2006-04,4J,2.302
2006-04,5J,2.4290000000000003
2006-04,6J,2.5269999999999997
2006-04,7J,2.6039999999999996
2006-04,8J,2.665
2006-04,9J,2.713
2006-04,10J,2.752
2006-04,20J,2.929
2006-04,30J,2.988
2006-05,1J,1.754
2006-05,2J,1.986
2006-05,3J,2.131
2006-05,4J,2.252
2006-05,5J,2.359
2006-05,6J,2.452
2006-05,7J,2.532
2006-05,8J,2.5989999999999998
2006-05,9J,2.654
2006-05,10J,2.7
2006-05,20J,2.918
2006-05,30J,2.991
2006-06,1J,1.896
2006-06,2J,2.156
2006-06,3J,2.32
2006-06,4J,2.449
2006-06,5J,2.5540000000000003
2006-06,6J,2.64
2006-06,7J,2.71
2006-06,8J,2.766
2006-06,9J,2.8110000000000004
2006-06,10J,2.8480000000000003
2006-06,20J,3.0189999999999997
2006-06,30J,3.076
2006-07,1J,1.8769999999999998
2006-07,2J,2.112
2006-07,3J,2.26
2006-07,4J,2.378
2006-07,5J,2.475
2006-07,6J,2.553
2006-07,7J,2.616
2006-07,8J,2.667
2006-07,9J,2.708
2006-07,10J,2.742
2006-07,20J,2.8960000000000004
2006-07,30J,2.948
2006-08,1J,1.9340000000000002
2006-08,2J,2.093
2006-08,3J,2.186
2006-08,4J,2.2680000000000002
2006-08,5J,2.34
2006-08,6J,2.401
2006-08,7J,2.45
2006-08,8J,2.489
2006-08,9J,2.521
2006-08,10J,2.5469999999999997
2006-08,20J,2.6660000000000004
2006-08,30J,2.705
2006-09,1J,1.9469999999999998
2006-09,2J,2.12
2006-09,3J,2.207
2006-09,4J,2.252
2006-09,5J,2.2769999999999997
2006-09,6J,2.296
2006-09,7J,2.313
2006-09,8J,2.33
2006-09,9J,2.349
2006-09,10J,2.369
2006-09,20J,2.551
2006-09,30J,2.6489999999999996
2006-10,1J,2.043
2006-10,2J,2.178
2006-10,3J,2.2430000000000003
2006-10,4J,2.294
2006-10,5J,2.339
2006-10,6J,2.38
2006-10,7J,2.415
2006-10,8J,2.445
2006-10,9J,2.472
2006-10,10J,2.495
2006-10,20J,2.611
2006-10,30J,2.6519999999999997
2006-11,1J,2.095
2006-11,2J,2.1790000000000003
2006-11,3J,2.2159999999999997
2006-11,4J,2.238
2006-11,5J,2.2569999999999997
2006-11,6J,2.274
2006-11,7J,2.292
2006-11,8J,2.309
2006-11,9J,2.325
2006-11,10J,2.3409999999999997
2006-11,20J,2.4459999999999997
2006-11,30J,2.494
2006-12,1J,2.278
2006-12,2J,2.405
2006-12,3J,2.449
2006-12,4J,2.463
2006-12,5J,2.469
2006-12,6J,2.472
2006-12,7J,2.475
2006-12,8J,2.479
2006-12,9J,2.484
2006-12,10J,2.489
2006-12,20J,2.525
2006-12,30J,2.541
2007-01,1J,2.379
2007-01,2J,2.467
2007-01,3J,2.502
2007-01,4J,2.528
2007-01,5J,2.551
2007-01,6J,2.57
2007-01,7J,2.5860000000000003
2007-01,8J,2.5989999999999998
2007-01,9J,2.61
2007-01,10J,2.6189999999999998
2007-01,20J,2.659
2007-01,30J,2.673
2007-02,1J,2.338
2007-02,2J,2.373
2007-02,3J,2.38
2007-02,4J,2.4019999999999997
2007-02,5J,2.434
2007-02,6J,2.4659999999999997
2007-02,7J,2.495
2007-02,8J,2.519
2007-02,9J,2.539
2007-02,10J,2.556
2007-02,20J,2.633
2007-02,30J,2.659
2007-03,1J,2.412
2007-03,2J,2.411
2007-03,3J,2.419
2007-03,4J,2.461
2007-03,5J,2.515
2007-03,6J,2.5669999999999997
2007-03,7J,2.611
2007-03,8J,2.648
2007-03,9J,2.678
2007-03,10J,2.702
2007-03,20J,2.815
2007-03,30J,2.853
2007-04,1J,2.475
2007-04,2J,2.498
2007-04,3J,2.539
2007-04,4J,2.597
2007-04,5J,2.6519999999999997
2007-04,6J,2.697
2007-04,7J,2.733
2007-04,8J,2.761
2007-04,9J,2.783
2007-04,10J,2.801
2007-04,20J,2.8819999999999997
2007-04,30J,2.909
2007-05,1J,2.71
2007-05,2J,2.782
2007-05,3J,2.8310000000000004
2007-05,4J,2.88
2007-05,5J,2.923
2007-05,6J,2.957
2007-05,7J,2.983
2007-05,8J,3.003
2007-05,9J,3.0189999999999997
2007-05,10J,3.032
2007-05,20J,3.089
2007-05,30J,3.108
2007-06,1J,2.863
2007-06,2J,2.905
2007-06,3J,2.9210000000000003
2007-06,4J,2.952
2007-06,5J,2.9960000000000004
2007-06,6J,3.043
2007-06,7J,3.088
2007-06,8J,3.1289999999999996
2007-06,9J,3.1639999999999997
2007-06,10J,3.194
2007-06,20J,3.341
2007-06,30J,3.392
2007-07,1J,2.841
2007-07,2J,2.859
2007-07,3J,2.8739999999999997
2007-07,4J,2.907
2007-07,5J,2.948
2007-07,6J,2.988
2007-07,7J,3.025
2007-07,8J,3.057
2007-07,9J,3.085
2007-07,10J,3.108
2007-07,20J,3.2230000000000003
2007-07,30J,3.263
2007-08,1J,2.753
2007-08,2J,2.495
2007-08,3J,2.503
2007-08,4J,2.615
2007-08,5J,2.733
2007-08,6J,2.8310000000000004
2007-08,7J,2.907
2007-08,8J,2.966
2007-08,9J,3.012
2007-08,10J,3.049
2007-08,20J,3.218
2007-08,30J,3.2739999999999996
2007-09,1J,2.697
2007-09,2J,2.4130000000000003
2007-09,3J,2.418
2007-09,4J,2.537
2007-09,5J,2.668
2007-09,6J,2.782
2007-09,7J,2.875
2007-09,8J,2.948
2007-09,9J,3.008
2007-09,10J,3.056
2007-09,20J,3.2760000000000002
2007-09,30J,3.3489999999999998
2007-10,1J,2.71
2007-10,2J,2.536
2007-10,3J,2.531
2007-10,4J,2.589
2007-10,5J,2.665
2007-10,6J,2.7430000000000003
2007-10,7J,2.8160000000000003
2007-10,8J,2.8810000000000002
2007-10,9J,2.938
2007-10,10J,2.987
2007-10,20J,3.242
2007-10,30J,3.332
2007-11,1J,2.594
2007-11,2J,2.249
2007-11,3J,2.269
2007-11,4J,2.401
2007-11,5J,2.537
2007-11,6J,2.6489999999999996
2007-11,7J,2.737
2007-11,8J,2.807
2007-11,9J,2.862
2007-11,10J,2.906
2007-11,20J,3.1069999999999998
2007-11,30J,3.174
2007-12,1J,2.72
2007-12,2J,2.43
2007-12,3J,2.495
2007-12,4J,2.6460000000000004
2007-12,5J,2.781
2007-12,6J,2.886
2007-12,7J,2.965
2007-12,8J,3.0260000000000002
2007-12,9J,3.073
2007-12,10J,3.111
2007-12,20J,3.282
2007-12,30J,3.339
2008-01,1J,2.386
2008-01,2J,2.106
2008-01,3J,2.138
2008-01,4J,2.273
2008-01,5J,2.425
2008-01,6J,2.565
2008-01,7J,2.685
2008-01,8J,2.786
2008-01,9J,2.87
2008-01,10J,2.9389999999999996
2008-01,20J,3.266
2008-01,30J,3.3760000000000003
2008-02,1J,2.484
2008-02,2J,2.13
2008-02,3J,2.2
2008-02,4J,2.396
2008-02,5J,2.583
2008-02,6J,2.7319999999999998
2008-02,7J,2.846
2008-02,8J,2.9339999999999997
2008-02,9J,3.003
2008-02,10J,3.0589999999999997
2008-02,20J,3.31
2008-02,30J,3.3939999999999997
2008-03,1J,2.455
2008-03,2J,2.0
2008-03,3J,2.1
2008-03,4J,2.3209999999999997
2008-03,5J,2.523
2008-03,6J,2.6830000000000003
2008-03,7J,2.805
2008-03,8J,2.8989999999999996
2008-03,9J,2.9730000000000003
2008-03,10J,3.033
2008-03,20J,3.303
2008-03,30J,3.3930000000000002
2008-04,1J,2.5
2008-04,2J,2.1069999999999998
2008-04,3J,2.32
2008-04,4J,2.588
2008-04,5J,2.793
2008-04,6J,2.94
2008-04,7J,3.0469999999999997
2008-04,8J,3.128
2008-04,9J,3.1919999999999997
2008-04,10J,3.242
2008-04,20J,3.47
2008-04,30J,3.5460000000000003
2008-05,1J,2.4619999999999997
2008-05,2J,2.298
2008-05,3J,2.55
2008-05,4J,2.783
2008-05,5J,2.945
2008-05,6J,3.057
2008-05,7J,3.138
2008-05,8J,3.198
2008-05,9J,3.2460000000000004
2008-05,10J,3.284
2008-05,20J,3.4539999999999997
2008-05,30J,3.511
2008-06,1J,2.5380000000000003
2008-06,2J,2.502
2008-06,3J,2.752
2008-06,4J,2.935
2008-06,5J,3.052
2008-06,6J,3.1310000000000002
2008-06,7J,3.188
2008-06,8J,3.2310000000000003
2008-06,9J,3.264
2008-06,10J,3.29
2008-06,20J,3.41
2008-06,30J,3.45
2008-07,1J,2.45
2008-07,2J,2.312
2008-07,3J,2.513
2008-07,4J,2.714
2008-07,5J,2.858
2008-07,6J,2.96
2008-07,7J,3.033
2008-07,8J,3.089
2008-07,9J,3.1319999999999997
2008-07,10J,3.1660000000000004
2008-07,20J,3.321
2008-07,30J,3.373
2008-08,1J,2.717
2008-08,2J,2.408
2008-08,3J,2.324
2008-08,4J,2.4
2008-08,5J,2.522
2008-08,6J,2.64
2008-08,7J,2.74
2008-08,8J,2.822
2008-08,9J,2.888
2008-08,10J,2.9419999999999997
2008-08,20J,3.188
2008-08,30J,3.2710000000000004
2008-09,1J,2.472
2008-09,2J,1.607
2008-09,3J,1.463
2008-09,4J,1.659
2008-09,5J,1.916
2008-09,6J,2.142
2008-09,7J,2.323
2008-09,8J,2.4659999999999997
2008-09,9J,2.5780000000000003
2008-09,10J,2.6689999999999996
2008-09,20J,3.08
2008-09,30J,3.217
2008-10,1J,2.002
2008-10,2J,1.5219999999999998
2008-10,3J,1.565
2008-10,4J,1.778
2008-10,5J,2.013
2008-10,6J,2.2230000000000003
2008-10,7J,2.4
2008-10,8J,2.546
2008-10,9J,2.665
2008-10,10J,2.764
2008-10,20J,3.222
2008-10,30J,3.3760000000000003
2008-11,1J,0.899
2008-11,2J,1.285
2008-11,3J,1.499
2008-11,4J,1.65
2008-11,5J,1.776
2008-11,6J,1.889
2008-11,7J,1.989
2008-11,8J,2.079
2008-11,9J,2.157
2008-11,10J,2.226
2008-11,20J,2.5780000000000003
2008-11,30J,2.701
2008-12,1J,0.40700000000000003
2008-12,2J,0.691
2008-12,3J,1.012
2008-12,4J,1.3030000000000002
2008-12,5J,1.541
2008-12,6J,1.7269999999999999
2008-12,7J,1.8719999999999999
2008-12,8J,1.985
2008-12,9J,2.075
2008-12,10J,2.148
2008-12,20J,2.479
2008-12,30J,2.589
2009-01,1J,0.293
2009-01,2J,0.449
2009-01,3J,0.7559999999999999
2009-01,4J,1.0959999999999999
2009-01,5J,1.3980000000000001
2009-01,6J,1.645
2009-01,7J,1.841
2009-01,8J,1.9969999999999999
2009-01,9J,2.121
2009-01,10J,2.221
2009-01,20J,2.679
2009-01,30J,2.832
2009-02,1J,0.40700000000000003
2009-02,2J,0.52
2009-02,3J,0.795
2009-02,4J,1.1159999999999999
2009-02,5J,1.4040000000000001
2009-02,6J,1.6369999999999998
2009-02,7J,1.821
2009-02,8J,1.966
2009-02,9J,2.081
2009-02,10J,2.174
2009-02,20J,2.595
2009-02,30J,2.736
2009-03,1J,0.325
2009-03,2J,0.523
2009-03,3J,0.818
2009-03,4J,1.129
2009-03,5J,1.406
2009-03,6J,1.635
2009-03,7J,1.817
2009-03,8J,1.963
2009-03,9J,2.08
2009-03,10J,2.175
2009-03,20J,2.61
2009-03,30J,2.7560000000000002
2009-04,1J,0.294
2009-04,2J,0.45
2009-04,3J,0.76
2009-04,4J,1.101
2009-04,5J,1.4
2009-04,6J,1.641
2009-04,7J,1.8319999999999999
2009-04,8J,1.9809999999999999
2009-04,9J,2.1
2009-04,10J,2.1959999999999997
2009-04,20J,2.633
2009-04,30J,2.779
2009-05,1J,0.248
2009-05,2J,0.467
2009-05,3J,0.8390000000000001
2009-05,4J,1.235
2009-05,5J,1.585
2009-05,6J,1.871
2009-05,7J,2.097
2009-05,8J,2.2769999999999997
2009-05,9J,2.42
2009-05,10J,2.536
2009-05,20J,3.065
2009-05,30J,3.242
2009-06,1J,0.255
2009-06,2J,0.509
2009-06,3J,0.858
2009-06,4J,1.2209999999999999
2009-06,5J,1.547
2009-06,6J,1.819
2009-06,7J,2.039
2009-06,8J,2.217
2009-06,9J,2.36
2009-06,10J,2.478
2009-06,20J,3.016
2009-06,30J,3.196
2009-07,1J,0.248
2009-07,2J,0.45299999999999996
2009-07,3J,0.726
2009-07,4J,1.023
2009-07,5J,1.304
2009-07,6J,1.55
2009-07,7J,1.758
2009-07,8J,1.931
2009-07,9J,2.073
2009-07,10J,2.1919999999999997
2009-07,20J,2.745
2009-07,30J,2.932
2009-08,1J,0.28800000000000003
2009-08,2J,0.466
2009-08,3J,0.698
2009-08,4J,0.9620000000000001
2009-08,5J,1.225
2009-08,6J,1.465
2009-08,7J,1.673
2009-08,8J,1.85
2009-08,9J,1.999
2009-08,10J,2.124
2009-08,20J,2.72
2009-08,30J,2.923
2009-09,1J,0.313
2009-09,2J,0.5670000000000001
2009-09,3J,0.828
2009-09,4J,1.084
2009-09,5J,1.325
2009-09,6J,1.541
2009-09,7J,1.7309999999999999
2009-09,8J,1.895
2009-09,9J,2.035
2009-09,10J,2.155
2009-09,20J,2.7489999999999997
2009-09,30J,2.9539999999999997
2009-10,1J,0.332
2009-10,2J,0.616
2009-10,3J,0.89
2009-10,4J,1.146
2009-10,5J,1.38
2009-10,6J,1.591
2009-10,7J,1.777
2009-10,8J,1.9409999999999998
2009-10,9J,2.084
2009-10,10J,2.207
2009-10,20J,2.766
2009-10,30J,2.855
2009-11,1J,0.26899999999999996
2009-11,2J,0.47
2009-11,3J,0.713
2009-11,4J,0.97
2009-11,5J,1.213
2009-11,6J,1.429
2009-11,7J,1.6119999999999999
2009-11,8J,1.767
2009-11,9J,1.895
2009-11,10J,2.002
2009-11,20J,2.508
2009-11,30J,2.679
2009-12,1J,0.281
2009-12,2J,0.46799999999999997
2009-12,3J,0.72
2009-12,4J,0.991
2009-12,5J,1.239
2009-12,6J,1.45
2009-12,7J,1.6230000000000002
2009-12,8J,1.764
2009-12,9J,1.8780000000000001
2009-12,10J,1.972
2009-12,20J,2.404
2009-12,30J,2.549
2010-01,1J,0.253
2010-01,2J,0.49200000000000005
2010-01,3J,0.742
2010-01,4J,0.986
2010-01,5J,1.214
2010-01,6J,1.421
2010-01,7J,1.6030000000000002
2010-01,8J,1.7619999999999998
2010-01,9J,1.8969999999999998
2010-01,10J,2.01
2010-01,20J,2.401
2010-01,30J,2.333
2010-02,1J,0.179
2010-02,2J,0.376
2010-02,3J,0.604
2010-02,4J,0.8420000000000001
2010-02,5J,1.073
2010-02,6J,1.2890000000000001
2010-02,7J,1.484
2010-02,8J,1.656
2010-02,9J,1.805
2010-02,10J,1.931
2010-02,20J,2.345
2010-02,30J,2.207
2010-03,1J,0.25
2010-03,2J,0.47200000000000003
2010-03,3J,0.701
2010-03,4J,0.925
2010-03,5J,1.138
2010-03,6J,1.3359999999999999
2010-03,7J,1.516
2010-03,8J,1.676
2010-03,9J,1.818
2010-03,10J,1.9409999999999998
2010-03,20J,2.44
2010-03,30J,2.37
2010-04,1J,0.259
2010-04,2J,0.478
2010-04,3J,0.6970000000000001
2010-04,4J,0.9079999999999999
2010-04,5J,1.1079999999999999
2010-04,6J,1.2919999999999998
2010-04,7J,1.46
2010-04,8J,1.6119999999999999
2010-04,9J,1.746
2010-04,10J,1.865
2010-04,20J,2.392
2010-04,30J,2.381
2010-05,1J,0.177
2010-05,2J,0.35
2010-05,3J,0.53
2010-05,4J,0.708
2010-05,5J,0.88
2010-05,6J,1.043
2010-05,7J,1.195
2010-05,8J,1.334
2010-05,9J,1.46
2010-05,10J,1.5730000000000002
2010-05,20J,2.12
2010-05,30J,2.125
2010-06,1J,0.177
2010-06,2J,0.34700000000000003
2010-06,3J,0.525
2010-06,4J,0.7020000000000001
2010-06,5J,0.87
2010-06,6J,1.0270000000000001
2010-06,7J,1.169
2010-06,8J,1.297
2010-06,9J,1.41
2010-06,10J,1.5090000000000001
2010-06,20J,1.9509999999999998
2010-06,30J,1.983
2010-07,1J,0.337
2010-07,2J,0.40700000000000003
2010-07,3J,0.522
2010-07,4J,0.685
2010-07,5J,0.863
2010-07,6J,1.031
2010-07,7J,1.18
2010-07,8J,1.306
2010-07,9J,1.411
2010-07,10J,1.5
2010-07,20J,1.9169999999999998
2010-07,30J,2.057
2010-08,1J,0.44799999999999995
2010-08,2J,0.41600000000000004
2010-08,3J,0.43200000000000005
2010-08,4J,0.526
2010-08,5J,0.6559999999999999
2010-08,6J,0.792
2010-08,7J,0.9159999999999999
2010-08,8J,1.024
2010-08,9J,1.1159999999999999
2010-08,10J,1.192
2010-08,20J,1.555
2010-08,30J,1.6769999999999998
2010-09,1J,0.507
2010-09,2J,0.462
2010-09,3J,0.51
2010-09,4J,0.6459999999999999
2010-09,5J,0.809
2010-09,6J,0.9640000000000001
2010-09,7J,1.097
2010-09,8J,1.207
2010-09,9J,1.298
2010-09,10J,1.3719999999999999
2010-09,20J,1.716
2010-09,30J,1.8319999999999999
2010-10,1J,0.499
2010-10,2J,0.514
2010-10,3J,0.61
2010-10,4J,0.769
2010-10,5J,0.937
2010-10,6J,1.0859999999999999
2010-10,7J,1.21
2010-10,8J,1.31
2010-10,9J,1.392
2010-10,10J,1.4580000000000002
2010-10,20J,1.7619999999999998
2010-10,30J,1.8630000000000002
2010-11,1J,0.47700000000000004
2010-11,2J,0.46299999999999997
2010-11,3J,0.575
2010-11,4J,0.762
2010-11,5J,0.9570000000000001
2010-11,6J,1.129
2010-11,7J,1.272
2010-11,8J,1.3869999999999998
2010-11,9J,1.4809999999999999
2010-11,10J,1.558
2010-11,20J,1.91
2010-11,30J,2.028
2010-12,1J,0.44
2010-12,2J,0.44799999999999995
2010-12,3J,0.632
2010-12,4J,0.872
2010-12,5J,1.09
2010-12,6J,1.2670000000000001
2010-12,7J,1.4069999999999998
2010-12,8J,1.516
2010-12,9J,1.6030000000000002
2010-12,10J,1.6740000000000002
2010-12,20J,1.993
2010-12,30J,2.099
2011-01,1J,0.428
2011-01,2J,0.605
2011-01,3J,0.8109999999999999
2011-01,4J,1.0290000000000001
2011-01,5J,1.229
2011-01,6J,1.399
2011-01,7J,1.538
2011-01,8J,1.651
2011-01,9J,1.743
2011-01,10J,1.818
2011-01,20J,2.162
2011-01,30J,2.278
2011-02,1J,0.365
2011-02,2J,0.621
2011-02,3J,0.855
2011-02,4J,1.065
2011-02,5J,1.254
2011-02,6J,1.42
2011-02,7J,1.567
2011-02,8J,1.694
2011-02,9J,1.8030000000000002
2011-02,10J,1.8969999999999998
2011-02,20J,2.244
2011-02,30J,2.137
2011-03,1J,0.415
2011-03,2J,0.7020000000000001
2011-03,3J,0.95
2011-03,4J,1.163
2011-03,5J,1.3459999999999999
2011-03,6J,1.5019999999999998
2011-03,7J,1.636
2011-03,8J,1.751
2011-03,9J,1.848
2011-03,10J,1.931
2011-03,20J,2.262
2011-03,30J,2.214
2011-04,1J,0.479
2011-04,2J,0.758
2011-04,3J,1.003
2011-04,4J,1.2229999999999999
2011-04,5J,1.419
2011-04,6J,1.591
2011-04,7J,1.742
2011-04,8J,1.8730000000000002
2011-04,9J,1.986
2011-04,10J,2.083
2011-04,20J,2.472
2011-04,30J,2.375
2011-05,1J,0.33899999999999997
2011-05,2J,0.588
2011-05,3J,0.816
2011-05,4J,1.021
2011-05,5J,1.205
2011-05,6J,1.369
2011-05,7J,1.515
2011-05,8J,1.642
2011-05,9J,1.7530000000000001
2011-05,10J,1.849
2011-05,20J,2.256
2011-05,30J,2.213
2011-06,1J,0.35200000000000004
2011-06,2J,0.34700000000000003
2011-06,3J,0.505
2011-06,4J,0.7490000000000001
2011-06,5J,0.995
2011-06,6J,1.21
2011-06,7J,1.3869999999999998
2011-06,8J,1.5290000000000001
2011-06,9J,1.645
2011-06,10J,1.739
2011-06,20J,2.169
2011-06,30J,2.314
2011-07,1J,0.318
2011-07,2J,0.218
2011-07,3J,0.311
2011-07,4J,0.514
2011-07,5J,0.736
2011-07,6J,0.935
2011-07,7J,1.101
2011-07,8J,1.236
2011-07,9J,1.3459999999999999
2011-07,10J,1.436
2011-07,20J,1.847
2011-07,30J,1.985
2011-08,1J,0.045
2011-08,2J,0.155
2011-08,3J,0.28800000000000003
2011-08,4J,0.431
2011-08,5J,0.5720000000000001
2011-08,6J,0.706
2011-08,7J,0.831
2011-08,8J,0.9440000000000001
2011-08,9J,1.045
2011-08,10J,1.133
2011-08,20J,1.55
2011-08,30J,1.6
2011-09,1J,0.139
2011-09,2J,0.055
2011-09,3J,0.095
2011-09,4J,0.228
2011-09,5J,0.39299999999999996
2011-09,6J,0.5539999999999999
2011-09,7J,0.6970000000000001
2011-09,8J,0.818
2011-09,9J,0.919
2011-09,10J,1.003
2011-09,20J,1.396
2011-09,30J,1.5290000000000001
2011-10,1J,0.127
2011-10,2J,0.016
2011-10,3J,0.071
2011-10,4J,0.233
2011-10,5J,0.423
2011-10,6J,0.603
2011-10,7J,0.758
2011-10,8J,0.888
2011-10,9J,0.9940000000000001
2011-10,10J,1.082
2011-10,20J,1.492
2011-10,30J,1.63
2011-11,1J,0.149
2011-11,2J,0.003
2011-11,3J,0.02
2011-11,4J,0.154
2011-11,5J,0.326
2011-11,6J,0.493
2011-11,7J,0.638
2011-11,8J,0.76
2011-11,9J,0.861
2011-11,10J,0.945
2011-11,20J,1.331
2011-11,30J,1.46
2011-12,1J,0.155
2011-12,2J,0.013000000000000001
2011-12,3J,-0.011000000000000001
2011-12,4J,0.071
2011-12,5J,0.19899999999999998
2011-12,6J,0.335
2011-12,7J,0.461
2011-12,8J,0.57
2011-12,9J,0.662
2011-12,10J,0.74
2011-12,20J,1.109
2011-12,30J,1.234
2012-01,1J,0.191
2012-01,2J,0.102
2012-01,3J,0.084
2012-01,4J,0.146
2012-01,5J,0.249
2012-01,6J,0.363
2012-01,7J,0.474
2012-01,8J,0.573
2012-01,9J,0.66
2012-01,10J,0.735
2012-01,20J,1.103
2012-01,30J,1.229
2012-02,1J,0.18899999999999997
2012-02,2J,0.055999999999999994
2012-02,3J,0.022000000000000002
2012-02,4J,0.083
2012-02,5J,0.192
2012-02,6J,0.314
2012-02,7J,0.433
2012-02,8J,0.542
2012-02,9J,0.637
2012-02,10J,0.72
2012-02,20J,1.14
2012-02,30J,1.285
2012-03,1J,0.225
2012-03,2J,0.094
2012-03,3J,0.084
2012-03,4J,0.177
2012-03,5J,0.313
2012-03,6J,0.45299999999999996
2012-03,7J,0.579
2012-03,8J,0.687
2012-03,9J,0.778
2012-03,10J,0.8540000000000001
2012-03,20J,1.2109999999999999
2012-03,30J,1.331
2012-04,1J,0.205
2012-04,2J,0.039
2012-04,3J,0.008
2012-04,4J,0.087
2012-04,5J,0.21100000000000002
2012-04,6J,0.341
2012-04,7J,0.462
2012-04,8J,0.568
2012-04,9J,0.6579999999999999
2012-04,10J,0.735
2012-04,20J,1.104
2012-04,30J,1.229
2012-05,1J,0.122
2012-05,2J,-0.16399999999999998
2012-05,3J,-0.198
2012-05,4J,-0.087
2012-05,5J,0.067
2012-05,6J,0.215
2012-05,7J,0.344
2012-05,8J,0.45
2012-05,9J,0.5379999999999999
2012-05,10J,0.61
2012-05,20J,0.945
2012-05,30J,1.057
2012-06,1J,0.012
2012-06,2J,-0.344
2012-06,3J,-0.312
2012-06,4J,-0.131
2012-06,5J,0.069
2012-06,6J,0.245
2012-06,7J,0.39
2012-06,8J,0.507
2012-06,9J,0.601
2012-06,10J,0.6779999999999999
2012-06,20J,1.0290000000000001
2012-06,30J,1.147
2012-07,1J,0.038
2012-07,2J,-0.315
2012-07,3J,-0.348
2012-07,4J,-0.217
2012-07,5J,-0.043
2012-07,6J,0.12300000000000001
2012-07,7J,0.266
2012-07,8J,0.384
2012-07,9J,0.48100000000000004
2012-07,10J,0.561
2012-07,20J,0.932
2012-07,30J,1.056
2012-08,1J,0.025
2012-08,2J,-0.327
2012-08,3J,-0.361
2012-08,4J,-0.228
2012-08,5J,-0.05
2012-08,6J,0.11900000000000001
2012-08,7J,0.266
2012-08,8J,0.387
2012-08,9J,0.48700000000000004
2012-08,10J,0.569
2012-08,20J,0.9520000000000001
2012-08,30J,1.08
2012-09,1J,0.124
2012-09,2J,-0.095
2012-09,3J,-0.153
2012-09,4J,-0.08199999999999999
2012-09,5J,0.043
2012-09,6J,0.18
2012-09,7J,0.308
2012-09,8J,0.42100000000000004
2012-09,9J,0.518
2012-09,10J,0.599
2012-09,20J,0.995
2012-09,30J,1.129
2012-10,1J,0.146
2012-10,2J,-0.063
2012-10,3J,-0.136
2012-10,4J,-0.08199999999999999
2012-10,5J,0.034
2012-10,6J,0.168
2012-10,7J,0.29600000000000004
2012-10,8J,0.41200000000000003
2012-10,9J,0.512
2012-10,10J,0.597
2012-10,20J,1.015
2012-10,30J,1.158
2012-11,1J,0.11699999999999999
2012-11,2J,-0.1
2012-11,3J,-0.174
2012-11,4J,-0.125
2012-11,5J,-0.016
2012-11,6J,0.111
2012-11,7J,0.235
2012-11,8J,0.34700000000000003
2012-11,9J,0.445
2012-11,10J,0.53
2012-11,20J,0.9540000000000001
2012-11,30J,1.1
2012-12,1J,0.059000000000000004
2012-12,2J,-0.11599999999999999
2012-12,3J,-0.155
2012-12,4J,-0.092
2012-12,5J,0.017
2012-12,6J,0.14
2012-12,7J,0.261
2012-12,8J,0.37200000000000005
2012-12,9J,0.47
2012-12,10J,0.557
2012-12,20J,1.004
2012-12,30J,1.162
2013-01,1J,0.14
2013-01,2J,0.09300000000000001
2013-01,3J,0.10400000000000001
2013-01,4J,0.17600000000000002
2013-01,5J,0.282
2013-01,6J,0.397
2013-01,7J,0.51
2013-01,8J,0.614
2013-01,9J,0.7070000000000001
2013-01,10J,0.789
2013-01,20J,1.2209999999999999
2013-01,30J,1.374
2013-02,1J,0.13699999999999998
2013-02,2J,0.028999999999999998
2013-02,3J,-0.003
2013-02,4J,0.055999999999999994
2013-02,5J,0.16699999999999998
2013-02,6J,0.295
2013-02,7J,0.42
2013-02,8J,0.535
2013-02,9J,0.635
2013-02,10J,0.721
2013-02,20J,1.149
2013-02,30J,1.296
2013-03,1J,0.11900000000000001
2013-03,2J,-0.012
2013-03,3J,-0.048
2013-03,4J,0.021
2013-03,5J,0.145
2013-03,6J,0.28600000000000003
2013-03,7J,0.423
2013-03,8J,0.547
2013-03,9J,0.655
2013-03,10J,0.747
2013-03,20J,1.203
2013-03,30J,1.359
2013-04,1J,0.079
2013-04,2J,-0.079
2013-04,3J,-0.124
2013-04,4J,-0.065
2013-04,5J,0.048
2013-04,6J,0.17800000000000002
2013-04,7J,0.305
2013-04,8J,0.42100000000000004
2013-04,9J,0.523
2013-04,10J,0.612
2013-04,20J,1.06
2013-04,30J,1.215
2013-05,1J,0.07829818
2013-05,2J,-0.0600802
2013-05,3J,-0.06406628
2013-05,4J,0.03492494
2013-05,5J,0.17593642
2013-05,6J,0.32203382
2013-05,7J,0.45658798
2013-05,8J,0.57420521
2013-05,9J,0.67469112
2013-05,10J,0.75986748
2013-05,20J,1.17126227
2013-05,30J,1.3113595
2013-06,1J,0.07265734
2013-06,2J,-0.00622837
2013-06,3J,0.06182301
2013-06,4J,0.22164401
2013-06,5J,0.40660991
2013-06,6J,0.58186219
2013-06,7J,0.73479592
2013-06,8J,0.86366525
2013-06,9J,0.97095022
2013-06,10J,1.06024063
2013-06,20J,1.47968288
2013-06,30J,1.62118754
2013-07,1J,0.07649304
2013-07,2J,-0.01279698
2013-07,3J,0.04611136
2013-07,4J,0.20702462
2013-07,5J,0.40021082
2013-07,6J,0.58617177
2013-07,7J,0.74949072
2013-07,8J,0.88731675
2013-07,9J,1.00195943
2013-07,10J,1.09720884
2013-07,20J,1.54258758
2013-07,30J,1.69257508
2013-08,1J,0.09603539
2013-08,2J,-0.00792735
2013-08,3J,0.04990265
2013-08,4J,0.21796035
2013-08,5J,0.41997424
2013-08,6J,0.61373046
2013-08,7J,0.78324036
2013-08,8J,0.9258429
2013-08,9J,1.04418866
2013-08,10J,1.14236378
2013-08,20J,1.60057044
2013-08,30J,1.75481686
2013-09,1J,0.09619763
2013-09,2J,-0.02358015
2013-09,3J,0.01239803
2013-09,4J,0.16551628
2013-09,5J,0.36180453
2013-09,6J,0.55663643
2013-09,7J,0.73101938
2013-09,8J,0.88008406
2013-09,9J,1.00518068
2013-09,10J,1.10974866
2013-09,20J,1.60282254
2013-09,30J,1.76931137
2013-10,1J,0.1008528
2013-10,2J,-0.00033339
2013-10,3J,0.02063589
2013-10,4J,0.15000558
2013-10,5J,0.3281114
2013-10,6J,0.51309872
2013-10,7J,0.68416862
2013-10,8J,0.8339216
2013-10,9J,0.96174939
2013-10,10J,1.06986665
2013-10,20J,1.58807183
2013-10,30J,1.76389952
2013-11,1J,0.06378918
2013-11,2J,-0.07560888
2013-11,3J,-0.06074468
2013-11,4J,0.07712231
2013-11,5J,0.26612773
2013-11,6J,0.45997715
2013-11,7J,0.6372151
2013-11,8J,0.79099939
2013-11,9J,0.92142684
2013-11,10J,1.0312548000000001
2013-11,20J,1.5545741000000002
2013-11,30J,1.73185831
2013-12,1J,0.04519943
2013-12,2J,-0.07127951
2013-12,3J,-0.00212906
2013-12,4J,0.18937491
2013-12,5J,0.41927545
2013-12,6J,0.64084574
2013-12,7J,0.83586518
2013-12,8J,1.00085967
2013-12,9J,1.13843097
2013-12,10J,1.25296294
2013-12,20J,1.79049451
2013-12,30J,1.97181759
2014-01,1J,0.04356279
2014-01,2J,-0.10912433
2014-01,3J,-0.10965862
2014-01,4J,0.01471029
2014-01,5J,0.19556673
2014-01,6J,0.38728615
2014-01,7J,0.56726085
2014-01,8J,0.72694814
2014-01,9J,0.86492718
2014-01,10J,0.98286496
2014-01,20J,1.56050317
2014-01,30J,1.75837361
2014-02,1J,0.04947024
2014-02,2J,-0.07428698
2014-02,3J,-0.07294389999999999
2014-02,4J,0.03950911
2014-02,5J,0.20572606
2014-02,6J,0.38448502
2014-02,7J,0.55411954
2014-02,8J,0.70580261
2014-02,9J,0.83757126
2014-02,10J,0.95060976
2014-02,20J,1.50699186
2014-02,30J,1.6978474
2014-03,1J,0.08511609
2014-03,2J,-0.03094139
2014-03,3J,-0.0352475
2014-03,4J,0.06862424
2014-03,5J,0.2274817
2014-03,6J,0.40073688
2014-03,7J,0.56628535
2014-03,8J,0.71478701
2014-03,9J,0.84393358
2014-03,10J,0.95471884
2014-03,20J,1.49864007
2014-03,30J,1.6848732
2014-04,1J,0.10388926
2014-04,2J,0.00468943
2014-04,3J,-0.02131104
2014-04,4J,0.04717092
2014-04,5J,0.17438516
2014-04,6J,0.32553207
2014-04,7J,0.47816502
2014-04,8J,0.62059873
2014-04,9J,0.74811053
2014-04,10J,0.85983925
2014-04,20J,1.42802837
2014-04,30J,1.6251511
2014-05,1J,0.06972802
2014-05,2J,-0.02719937
2014-05,3J,-0.05561475
2014-05,4J,0.00168349
2014-05,5J,0.11419407
2014-05,6J,0.25192665
2014-05,7J,0.39482124
2014-05,8J,0.53166239
2014-05,9J,0.657177
2014-05,10J,0.76959865
2014-05,20J,1.37385185
2014-05,30J,1.59032792
2014-06,1J,0.09187296
2014-06,2J,0.03159775
2014-06,3J,0.00079944
2014-06,4J,0.03361326
2014-06,5J,0.11710385
2014-06,6J,0.2302703
2014-06,7J,0.35581388
2014-06,8J,0.48218722
2014-06,9J,0.60267543
2014-06,10J,0.71393399
2014-06,20J,1.35240184
2014-06,30J,1.58950016
2014-07,1J,0.10910633
2014-07,2J,0.03285181
2014-07,3J,-0.01281053
2014-07,4J,0.00875159
2014-07,5J,0.08234284
2014-07,6J,0.18504777
2014-07,7J,0.29880397
2014-07,8J,0.41212655
2014-07,9J,0.51875134
2014-07,10J,0.61587201
2014-07,20J,1.15020476
2014-07,30J,1.34279229
2014-08,1J,0.07810612
2014-08,2J,0.00064333
2014-08,3J,-0.02948922
2014-08,4J,0.00194905
2014-08,5J,0.07348955
2014-08,6J,0.16467673
2014-08,7J,0.26190394
2014-08,8J,0.35731839
2014-08,9J,0.44687878
2014-08,10J,0.52884217
2014-08,20J,0.99786694
2014-08,30J,1.17359336
2014-09,1J,0.05646349
2014-09,2J,-0.00901233
2014-09,3J,-0.03870457
2014-09,4J,-0.00780993
2014-09,5J,0.06862814
2014-09,6J,0.17021132
2014-09,7J,0.28102908
2014-09,8J,0.39092721
2014-09,9J,0.49431623
2014-09,10J,0.58865734
2014-09,20J,1.1127902
2014-09,30J,1.30316246
2014-10,1J,0.03614148
2014-10,2J,-0.04174117
2014-10,3J,-0.05304923
2014-10,4J,-0.00291301
2014-10,5J,0.08199769
2014-10,6J,0.18165367
2014-10,7J,0.2840238
2014-10,8J,0.38258864
2014-10,9J,0.47418194
2014-10,10J,0.55757455
2014-10,20J,1.03390374
2014-10,30J,1.21310009
2014-11,1J,-0.02185726
2014-11,2J,-0.13354372
2014-11,3J,-0.14505388
2014-11,4J,-0.09544871
2014-11,5J,-0.01640458
2014-11,6J,0.07416555
2014-11,7J,0.16644242
2014-11,8J,0.25520191
2014-11,9J,0.33787462
2014-11,10J,0.41342657
2014-11,20J,0.8519815000000001
2014-11,30J,1.01942794
2014-12,1J,-0.09425039999999998
2014-12,2J,-0.25915564
2014-12,3J,-0.28033759999999996
2014-12,4J,-0.20517949
2014-12,5J,-0.09208287
2014-12,6J,0.02572576
2014-12,7J,0.13384226
2014-12,8J,0.22782439
2014-12,9J,0.30767488
2014-12,10J,0.3750382
2014-12,20J,0.69740642
2014-12,30J,0.80674115
2015-01,1J,-0.6938551
2015-01,2J,-0.70233675
2015-01,3J,-0.68943341
2015-01,4J,-0.63058566
2015-01,5J,-0.5414699000000001
2015-01,6J,-0.43940036
2015-01,7J,-0.33603785
2015-01,8J,-0.23785676
2015-01,9J,-0.1478608
2015-01,10J,-0.06700954
2015-01,20J,0.37597895
2015-01,30J,0.53733354
2015-02,1J,-0.85310771
2015-02,2J,-0.79996005
2015-02,3J,-0.70788322
2015-02,4J,-0.5971152
2015-02,5J,-0.48041670000000003
2015-02,6J,-0.36554081
2015-02,7J,-0.25692455
2015-02,8J,-0.15684455
2015-02,9J,-0.06620233
2015-02,10J,0.01494662
2015-02,20J,0.45378682
2015-02,30J,0.59951643
2015-03,1J,-0.74270215
2015-03,2J,-0.79508629
2015-03,3J,-0.73078094
2015-03,4J,-0.60854414
2015-03,5J,-0.47461224
2015-03,6J,-0.34940099
2015-03,7J,-0.23964508
2015-03,8J,-0.14608598
2015-03,9J,-0.06717278
2015-03,10J,-0.00070754
2015-03,20J,0.31894557
2015-03,30J,0.42777714
2015-04,1J,-0.82939553
2015-04,2J,-0.77380154
2015-04,3J,-0.66669113
2015-04,4J,-0.54191391
2015-04,5J,-0.41725837
2015-04,6J,-0.30131586
2015-04,7J,-0.19754459
2015-04,8J,-0.10665323
2015-04,9J,-0.02797651
2015-04,10J,0.03975019
2015-04,20J,0.37687241
2015-04,30J,0.49105241
2015-05,1J,-0.83892421
2015-05,2J,-0.81135703
2015-05,3J,-0.73603689
2015-05,4J,-0.63574049
2015-05,5J,-0.52510732
2015-05,6J,-0.41326975
2015-05,7J,-0.30566686
2015-05,8J,-0.20529424
2015-05,9J,-0.11356147
2015-05,10J,-0.03087655
2015-05,20J,0.42165572
2015-05,30J,0.57130482
2015-06,1J,-0.9006511
2015-06,2J,-0.87884727
2015-06,3J,-0.78878304
2015-06,4J,-0.66312382
2015-06,5J,-0.52270825
2015-06,6J,-0.38042726
2015-06,7J,-0.24387773
2015-06,8J,-0.11717913
2015-06,9J,-0.00221277
2015-06,10J,0.10053865
2015-06,20J,0.63672446
2015-06,30J,0.79705352
2015-07,1J,-0.81920267
2015-07,2J,-0.79486001
2015-07,3J,-0.73203247
2015-07,4J,-0.64530708
2015-07,5J,-0.54517523
2015-07,6J,-0.43906898
2015-07,7J,-0.33214397
2015-07,8J,-0.22787183
2015-07,9J,-0.12848856
2015-07,10J,-0.03533324
2015-07,20J,0.53917572
2015-07,30J,0.7334035
2015-08,1J,-0.78366347
2015-08,2J,-0.7568436
2015-08,3J,-0.70450859
2015-08,4J,-0.63506683
2015-08,5J,-0.55491385
2015-08,6J,-0.46886436
2015-08,7J,-0.38049461
2015-08,8J,-0.29241412
2015-08,9J,-0.20648151
2015-08,10J,-0.12397577
2015-08,20J,0.44283131
2015-08,30J,0.66614038
2015-09,1J,-0.82084831
2015-09,2J,-0.79492863
2015-09,3J,-0.73971694
2015-09,4J,-0.66475485
2015-09,5J,-0.57728624
2015-09,6J,-0.48275734
2015-09,7J,-0.38521088
2015-09,8J,-0.28759747
2015-09,9J,-0.19202183
2015-09,10J,-0.09993741
2015-09,20J,0.54599468
2015-09,30J,0.81871864
2015-10,1J,-0.86584416
2015-10,2J,-0.8899171
2015-10,3J,-0.8676282
2015-10,4J,-0.81359984
2015-10,5J,-0.73878073
2015-10,6J,-0.65129921
2015-10,7J,-0.55712108
2015-10,8J,-0.46055859
2015-10,9J,-0.36466487
2015-10,10J,-0.27153993
2015-10,20J,0.38030518
2015-10,30J,0.64816773
2015-11,1J,-0.97926764
2015-11,2J,-1.04848012
2015-11,3J,-1.03509623
2015-11,4J,-0.97006161
2015-11,5J,-0.87473393
2015-11,6J,-0.76366168
2015-11,7J,-0.64656857
2015-11,8J,-0.52977721
2015-11,9J,-0.41723219
2015-11,10J,-0.31123437
2015-11,20J,0.34704663
2015-11,30J,0.59237638
2015-12,1J,-0.81482743
2015-12,2J,-0.78567952
2015-12,3J,-0.71992162
2015-12,4J,-0.63211198
2015-12,5J,-0.53252916
2015-12,6J,-0.42830584
2015-12,7J,-0.32427331
2015-12,8J,-0.22359108
2015-12,9J,-0.12821584
2015-12,10J,-0.03924985
2015-12,20J,0.50784389
2015-12,30J,0.70494752
2016-01,1J,-0.85791026
2016-01,2J,-0.88002799
2016-01,3J,-0.85622409
2016-01,4J,-0.80208611
2016-01,5J,-0.72905214
2016-01,6J,-0.64542158
2016-01,7J,-0.55712522
2016-01,8J,-0.46831385
2016-01,9J,-0.38180854
2016-01,10J,-0.29944502
2016-01,20J,0.2191451
2016-01,30J,0.38142197
2016-02,1J,-0.95787193
2016-02,2J,-1.0273944
2016-02,3J,-1.02392257
2016-02,4J,-0.97508633
2016-02,5J,-0.89990386
2016-02,6J,-0.81127762
2016-02,7J,-0.71778059
2016-02,8J,-0.62493943
2016-02,9J,-0.53615682
2016-02,10J,-0.45337318
2016-02,20J,0.02454007
2016-02,30J,0.16837347
2016-03,1J,-0.85718832
2016-03,2J,-0.86533201
2016-03,3J,-0.84258244
2016-03,4J,-0.79844334
2016-03,5J,-0.74017817
2016-03,6J,-0.67328916
2016-03,7J,-0.60189649
2016-03,8J,-0.5290393
2016-03,9J,-0.45691473
2016-03,10J,-0.38706775
2016-03,20J,0.08702387
2016-03,30J,0.24840527
2016-04,1J,-0.65447807
2016-04,2J,-0.80939872
2016-04,3J,-0.87447123
2016-04,4J,-0.83789377
2016-04,5J,-0.74465375
2016-04,6J,-0.63120071
2016-04,7J,-0.51807341
2016-04,8J,-0.41453916
2016-04,9J,-0.32357032
2016-04,10J,-0.24510809
2016-04,20J,0.14206807
2016-04,30J,0.27468289
2016-05,1J,-0.65539102
2016-05,2J,-0.80366881
2016-05,3J,-0.86626448
2016-05,4J,-0.83746158
2016-05,5J,-0.75783459
2016-05,6J,-0.65834736
2016-05,7J,-0.55648145
2016-05,8J,-0.46065931
2016-05,9J,-0.37420365
2016-05,10J,-0.29782251
2016-05,20J,0.10089978
2016-05,30J,0.24152715
2016-06,1J,-0.77364615
2016-06,2J,-0.99751147
2016-06,3J,-1.09468249
2016-06,4J,-1.06981917
2016-06,5J,-0.98161871
2016-06,6J,-0.87239367
2016-06,7J,-0.76422715
2016-06,8J,-0.66631015
2016-06,9J,-0.58117082
2016-06,10J,-0.50837182
2016-06,20J,-0.15479015
2016-06,30J,-0.03442934
2016-07,1J,-0.710088
2016-07,2J,-0.90239623
2016-07,3J,-0.98720133
2016-07,4J,-0.97812805
2016-07,5J,-0.91970389
2016-07,6J,-0.8413588
2016-07,7J,-0.75889592
2016-07,8J,-0.67996075
2016-07,9J,-0.6077844
2016-07,10J,-0.54332497
2016-07,20J,-0.19847567
2016-07,30J,-0.07516839
2016-08,1J,-0.70069374
2016-08,2J,-0.86535537
2016-08,3J,-0.91809035
2016-08,4J,-0.88908291
2016-08,5J,-0.82215993
2016-08,6J,-0.74253674
2016-08,7J,-0.66268399
2016-08,8J,-0.58819209
2016-08,9J,-0.52113507
2016-08,10J,-0.46185548
2016-08,20J,-0.14988437
2016-08,30J,-0.03912744
2016-09,1J,-0.74157999
2016-09,2J,-0.92026196
2016-09,3J,-0.97156332
2016-09,4J,-0.94428604
2016-09,5J,-0.88118917
2016-09,6J,-0.80486492
2016-09,7J,-0.72670089
2016-09,8J,-0.65222081
2016-09,9J,-0.58383524
2016-09,10J,-0.52230522
2016-09,20J,-0.18336736
2016-09,30J,-0.05941458
2016-10,1J,-0.6159477
2016-10,2J,-0.78745335
2016-10,3J,-0.87186154
2016-10,4J,-0.85249286
2016-10,5J,-0.77680126
2016-10,6J,-0.68168006
2016-10,7J,-0.58687742
2016-10,8J,-0.5007679
2016-10,9J,-0.42575070000000004
2016-10,10J,-0.36153341
2016-10,20J,-0.04922999
2016-10,30J,0.05709742
2016-11,1J,-0.65332042
2016-11,2J,-0.82026613
2016-11,3J,-0.85582213
2016-11,4J,-0.77705559
2016-11,5J,-0.65006391
2016-11,6J,-0.51656643
2016-11,7J,-0.3949278
2016-11,8J,-0.29051750000000004
2016-11,9J,-0.20297633
2016-11,10J,-0.12998198
2016-11,20J,0.21195344
2016-11,30J,0.32704742
2016-12,1J,-0.63456941
2016-12,2J,-0.79321169
2016-12,3J,-0.83767786
2016-12,4J,-0.77169337
2016-12,5J,-0.65455172
2016-12,6J,-0.52637492
2016-12,7J,-0.40628785
2016-12,8J,-0.30098154
2016-12,9J,-0.21122896
2016-12,10J,-0.1354735
2016-12,20J,0.22610885
2016-12,30J,0.34855312
2017-01,1J,-0.65100887
2017-01,2J,-0.83464477
2017-01,3J,-0.86362595
2017-01,4J,-0.76859479
2017-01,5J,-0.62579628
2017-01,6J,-0.48011174
2017-01,7J,-0.34984457
2017-01,8J,-0.2394447
2017-01,9J,-0.1476749
2017-01,10J,-0.07158497
2017-01,20J,0.28241971
2017-01,30J,0.40138162
2017-02,1J,-0.66859121
2017-02,2J,-0.87355566
2017-02,3J,-0.93770866
2017-02,4J,-0.87388441
2017-02,5J,-0.75180722
2017-02,6J,-0.61737678
2017-02,7J,-0.49196174
2017-02,8J,-0.38272707
2017-02,9J,-0.29025677
2017-02,10J,-0.21265949
2017-02,20J,0.15390922
2017-02,30J,0.27759578
2017-03,1J,-0.62924707
2017-03,2J,-0.7730475
2017-03,3J,-0.79908513
2017-03,4J,-0.71845463
2017-03,5J,-0.59416637
2017-03,6J,-0.46567434
2017-03,7J,-0.34982559999999996
2017-03,8J,-0.25112659
2017-03,9J,-0.16881378
2017-03,10J,-0.10043115
2017-03,20J,0.21832699
2017-03,30J,0.32546639
2017-04,1J,-0.63740533
2017-04,2J,-0.77175968
2017-04,3J,-0.79238143
2017-04,4J,-0.71177586
2017-04,5J,-0.58899028
2017-04,6J,-0.46162059
2017-04,7J,-0.34616591
2017-04,8J,-0.24731394
2017-04,9J,-0.16454951
2017-04,10J,-0.09559647
2017-04,20J,0.22705499
2017-04,30J,0.33561501
